"Density","Energy","Mach","Momentum:0","Momentum:1","Momentum:2","Pressure","Pressure_Coefficient","Temperature","vtkValidPointMask","arc_length","Points:0","Points:1","Points:2"
4.8736,1.0436e+06,0.14474,243.57,0.031581,0,4.1502e+05,-2.0758e+16,286.72,,0,0,0,0
4.8736,1.0436e+06,0.14477,243.62,0.025635,0,4.1502e+05,-2.0762e+16,286.72,,0.16,0.16,0,0
4.8736,1.0436e+06,0.14481,243.67,0.019689,0,4.1502e+05,-2.0767e+16,286.72,,0.32,0.32,0,0
4.8736,1.0436e+06,0.14484,243.72,0.013743,0,4.1502e+05,-2.0771e+16,286.72,,0.48,0.48,0,0
4.8736,1.0436e+06,0.14487,243.78,0.0077968,0,4.1502e+05,-2.0775e+16,286.72,,0.64,0.64,0,0
4.8736,1.0436e+06,0.1449,243.83,0.0018509,0,4.1501e+05,-2.0779e+16,286.72,,0.8,0.8,0,0
4.8736,1.0436e+06,0.14493,243.88,-0.0040951,0,4.1501e+05,-2.0783e+16,286.72,,0.96,0.96,0,0
4.8735,1.0436e+06,0.14496,243.93,-0.010041,0,4.1501e+05,-2.0788e+16,286.72,,1.12,1.12,0,0
4.8735,1.0436e+06,0.14499,243.99,-0.015987,0,4.1501e+05,-2.0792e+16,286.72,,1.28,1.28,0,0
4.8735,1.0436e+06,0.14502,244.04,-0.021933,0,4.1501e+05,-2.0796e+16,286.72,,1.44,1.44,0,0
4.8735,1.0436e+06,0.14506,244.09,-0.027879,0,4.1501e+05,-2.08e+16,286.72,,1.6,1.6,0,0
4.8735,1.0436e+06,0.14509,244.14,-0.033825,0,4.1501e+05,-2.0804e+16,286.72,,1.76,1.76,0,0
4.8735,1.0436e+06,0.14512,244.19,-0.039771,0,4.1501e+05,-2.0809e+16,286.72,,1.92,1.92,0,0
4.8735,1.0436e+06,0.14516,244.26,-0.045975,0,4.15e+05,-2.0817e+16,286.72,,2.08,2.08,0,0
4.8735,1.0436e+06,0.14521,244.35,-0.05248,0,4.15e+05,-2.083e+16,286.72,,2.24,2.24,0,0
4.8734,1.0436e+06,0.14527,244.44,-0.058985,0,4.15e+05,-2.0842e+16,286.72,,2.4,2.4,0,0
4.8734,1.0436e+06,0.14532,244.53,-0.06549,0,4.1499e+05,-2.0855e+16,286.72,,2.56,2.56,0,0
4.8734,1.0436e+06,0.14538,244.62,-0.071995,0,4.1499e+05,-2.0868e+16,286.71,,2.72,2.72,0,0
4.8733,1.0436e+06,0.14543,244.71,-0.078501,0,4.1498e+05,-2.0881e+16,286.71,,2.88,2.88,0,0
4.8733,1.0436e+06,0.14548,244.8,-0.085006,0,4.1498e+05,-2.0894e+16,286.71,,3.04,3.04,0,0
4.8733,1.0436e+06,0.14554,244.89,-0.091511,0,4.1498e+05,-2.0907e+16,286.71,,3.2,3.2,0,0
4.8732,1.0436e+06,0.14559,244.98,-0.098016,0,4.1497e+05,-2.0919e+16,286.71,,3.36,3.36,0,0
4.8732,1.0436e+06,0.14565,245.07,-0.10452,0,4.1497e+05,-2.0932e+16,286.71,,3.52,3.52,0,0
4.8732,1.0436e+06,0.1457,245.15,-0.11103,0,4.1497e+05,-2.0945e+16,286.71,,3.68,3.68,0,0
4.8732,1.0436e+06,0.14576,245.24,-0.11753,0,4.1496e+05,-2.0958e+16,286.71,,3.84,3.84,0,0
4.8731,1.0436e+06,0.14581,245.33,-0.12404,0,4.1496e+05,-2.0971e+16,286.71,,4,4,0,0
4.8731,1.0436e+06,0.14589,245.46,-0.13042,0,4.1495e+05,-2.0994e+16,286.71,,4.16,4.16,0,0
4.873,1.0435e+06,0.14597,245.6,-0.1368,0,4.1494e+05,-2.1018e+16,286.71,,4.32,4.32,0,0
4.8729,1.0435e+06,0.14605,245.73,-0.14318,0,4.1494e+05,-2.1042e+16,286.7,,4.48,4.48,0,0
4.8729,1.0435e+06,0.14614,245.87,-0.14956,0,4.1493e+05,-2.1066e+16,286.7,,4.64,4.64,0,0
4.8728,1.0435e+06,0.14622,246,-0.15594,0,4.1492e+05,-2.109e+16,286.7,,4.8,4.8,0,0
4.8728,1.0435e+06,0.1463,246.14,-0.16231,0,4.1492e+05,-2.1114e+16,286.7,,4.96,4.96,0,0
4.8727,1.0435e+06,0.14638,246.27,-0.16869,0,4.1491e+05,-2.1138e+16,286.7,,5.12,5.12,0,0
4.8726,1.0435e+06,0.14646,246.4,-0.17507,0,4.149e+05,-2.1162e+16,286.7,,5.28,5.28,0,0
4.8726,1.0435e+06,0.14655,246.54,-0.18145,0,4.1489e+05,-2.1186e+16,286.7,,5.44,5.44,0,0
4.8725,1.0435e+06,0.14663,246.67,-0.18783,0,4.1489e+05,-2.121e+16,286.69,,5.6,5.6,0,0
4.8725,1.0435e+06,0.14671,246.81,-0.1942,0,4.1488e+05,-2.1234e+16,286.69,,5.76,5.76,0,0
4.8724,1.0434e+06,0.14679,246.94,-0.20058,0,4.1487e+05,-2.1258e+16,286.69,,5.92,5.92,0,0
4.8723,1.0434e+06,0.14688,247.09,-0.20675,0,4.1487e+05,-2.1285e+16,286.69,,6.08,6.08,0,0
4.8723,1.0434e+06,0.14699,247.27,-0.21259,0,4.1486e+05,-2.1318e+16,286.69,,6.24,6.24,0,0
4.8722,1.0434e+06,0.1471,247.45,-0.21843,0,4.1485e+05,-2.1351e+16,286.69,,6.4,6.4,0,0
4.8721,1.0434e+06,0.14721,247.63,-0.22427,0,4.1484e+05,-2.1384e+16,286.68,,6.56,6.56,0,0
4.872,1.0434e+06,0.14732,247.81,-0.23011,0,4.1483e+05,-2.1417e+16,286.68,,6.72,6.72,0,0
4.8719,1.0434e+06,0.14743,247.99,-0.23595,0,4.1482e+05,-2.145e+16,286.68,,6.88,6.88,0,0
4.8718,1.0433e+06,0.14754,248.17,-0.2418,0,4.1481e+05,-2.1483e+16,286.68,,7.04,7.04,0,0
4.8718,1.0433e+06,0.14765,248.35,-0.24764,0,4.148e+05,-2.1516e+16,286.68,,7.2,7.2,0,0
4.8717,1.0433e+06,0.14776,248.53,-0.25348,0,4.1479e+05,-2.1549e+16,286.68,,7.36,7.36,0,0
4.8716,1.0433e+06,0.14787,248.71,-0.25932,0,4.1478e+05,-2.1582e+16,286.67,,7.52,7.52,0,0
4.8715,1.0433e+06,0.14798,248.89,-0.26516,0,4.1477e+05,-2.1614e+16,286.67,,7.68,7.68,0,0
4.8714,1.0433e+06,0.14809,249.07,-0.271,0,4.1476e+05,-2.1647e+16,286.67,,7.84,7.84,0,0
4.8714,1.0432e+06,0.1482,249.25,-0.27684,0,4.1475e+05,-2.168e+16,286.67,,8,8,0,0
4.8713,1.0432e+06,0.14833,249.46,-0.28271,0,4.1474e+05,-2.1719e+16,286.67,,8.16,8.16,0,0
4.8712,1.0432e+06,0.14847,249.68,-0.2886,0,4.1473e+05,-2.176e+16,286.66,,8.32,8.32,0,0
4.8711,1.0432e+06,0.1486,249.91,-0.29449,0,4.1471e+05,-2.1801e+16,286.66,,8.48,8.48,0,0
4.8709,1.0432e+06,0.14874,250.13,-0.30038,0,4.147e+05,-2.1843e+16,286.66,,8.64,8.64,0,0
4.8708,1.0432e+06,0.14888,250.36,-0.30627,0,4.1469e+05,-2.1884e+16,286.66,,8.8,8.8,0,0
4.8707,1.0431e+06,0.14902,250.59,-0.31216,0,4.1468e+05,-2.1926e+16,286.65,,8.96,8.96,0,0
4.8706,1.0431e+06,0.14916,250.81,-0.31805,0,4.1466e+05,-2.1967e+16,286.65,,9.12,9.12,0,0
4.8705,1.0431e+06,0.14929,251.04,-0.32393,0,4.1465e+05,-2.2008e+16,286.65,,9.28,9.28,0,0
4.8704,1.0431e+06,0.14943,251.26,-0.32982,0,4.1464e+05,-2.205e+16,286.65,,9.44,9.44,0,0
4.8703,1.0431e+06,0.14957,251.49,-0.33571,0,4.1463e+05,-2.2091e+16,286.64,,9.6,9.6,0,0
4.8702,1.043e+06,0.14971,251.71,-0.3416,0,4.1462e+05,-2.2133e+16,286.64,,9.76,9.76,0,0
4.8701,1.043e+06,0.14985,251.94,-0.34749,0,4.146e+05,-2.2174e+16,286.64,,9.92,9.92,0,0
4.87,1.043e+06,0.14998,252.16,-0.35338,0,4.1459e+05,-2.2215e+16,286.64,,10.08,10.08,0,0
4.8699,1.043e+06,0.15015,252.44,-0.35957,0,4.1458e+05,-2.2267e+16,286.63,,10.24,10.24,0,0
4.8698,1.043e+06,0.15032,252.71,-0.36579,0,4.1456e+05,-2.232e+16,286.63,,10.4,10.4,0,0
4.8696,1.0429e+06,0.15049,252.99,-0.37201,0,4.1454e+05,-2.2373e+16,286.63,,10.56,10.56,0,0
4.8695,1.0429e+06,0.15066,253.26,-0.37823,0,4.1453e+05,-2.2426e+16,286.63,,10.72,10.72,0,0
4.8694,1.0429e+06,0.15082,253.54,-0.38446,0,4.1451e+05,-2.2479e+16,286.62,,10.88,10.88,0,0
4.8692,1.0429e+06,0.15099,253.81,-0.39068,0,4.145e+05,-2.2532e+16,286.62,,11.04,11.04,0,0
4.8691,1.0428e+06,0.15116,254.09,-0.3969,0,4.1448e+05,-2.2585e+16,286.62,,11.2,11.2,0,0
4.869,1.0428e+06,0.15133,254.36,-0.40312,0,4.1447e+05,-2.2638e+16,286.61,,11.36,11.36,0,0
4.8688,1.0428e+06,0.1515,254.64,-0.40935,0,4.1445e+05,-2.2691e+16,286.61,,11.52,11.52,0,0
4.8687,1.0428e+06,0.15167,254.91,-0.41557,0,4.1444e+05,-2.2744e+16,286.61,,11.68,11.68,0,0
4.8686,1.0427e+06,0.15184,255.19,-0.42179,0,4.1442e+05,-2.2797e+16,286.6,,11.84,11.84,0,0
4.8684,1.0427e+06,0.15201,255.46,-0.42801,0,4.144e+05,-2.285e+16,286.6,,12,12,0,0
4.8683,1.0427e+06,0.15218,255.75,-0.43429,0,4.1439e+05,-2.2905e+16,286.6,,12.16,12.16,0,0
4.8681,1.0427e+06,0.15238,256.07,-0.44087,0,4.1437e+05,-2.2969e+16,286.6,,12.32,12.32,0,0
4.868,1.0426e+06,0.15258,256.4,-0.44746,0,4.1435e+05,-2.3033e+16,286.59,,12.48,12.48,0,0
4.8678,1.0426e+06,0.15278,256.73,-0.45404,0,4.1433e+05,-2.3097e+16,286.59,,12.64,12.64,0,0
4.8676,1.0426e+06,0.15298,257.06,-0.46063,0,4.1431e+05,-2.3161e+16,286.58,,12.8,12.8,0,0
4.8675,1.0425e+06,0.15319,257.39,-0.46721,0,4.1429e+05,-2.3225e+16,286.58,,12.96,12.96,0,0
4.8673,1.0425e+06,0.15339,257.72,-0.4738,0,4.1427e+05,-2.3288e+16,286.58,,13.12,13.12,0,0
4.8672,1.0425e+06,0.15359,258.05,-0.48039,0,4.1426e+05,-2.3352e+16,286.57,,13.28,13.28,0,0
4.867,1.0425e+06,0.15379,258.37,-0.48697,0,4.1424e+05,-2.3416e+16,286.57,,13.44,13.44,0,0
4.8668,1.0424e+06,0.15399,258.7,-0.49356,0,4.1422e+05,-2.348e+16,286.57,,13.6,13.6,0,0
4.8667,1.0424e+06,0.15419,259.03,-0.50014,0,4.142e+05,-2.3544e+16,286.56,,13.76,13.76,0,0
4.8665,1.0424e+06,0.1544,259.36,-0.50673,0,4.1418e+05,-2.3608e+16,286.56,,13.92,13.92,0,0
4.8664,1.0423e+06,0.1546,259.69,-0.51331,0,4.1416e+05,-2.3672e+16,286.56,,14.08,14.08,0,0
4.8662,1.0423e+06,0.15481,260.03,-0.51999,0,4.1414e+05,-2.3739e+16,286.55,,14.24,14.24,0,0
4.866,1.0423e+06,0.15504,260.41,-0.52705,0,4.1412e+05,-2.3815e+16,286.55,,14.4,14.4,0,0
4.8658,1.0422e+06,0.15528,260.8,-0.53411,0,4.141e+05,-2.3891e+16,286.54,,14.56,14.56,0,0
4.8656,1.0422e+06,0.15552,261.18,-0.54117,0,4.1407e+05,-2.3968e+16,286.54,,14.72,14.72,0,0
4.8654,1.0422e+06,0.15575,261.57,-0.54824,0,4.1405e+05,-2.4044e+16,286.54,,14.88,14.88,0,0
4.8652,1.0421e+06,0.15599,261.96,-0.5553,0,4.1403e+05,-2.412e+16,286.53,,15.04,15.04,0,0
4.865,1.0421e+06,0.15623,262.34,-0.56236,0,4.1401e+05,-2.4197e+16,286.53,,15.2,15.2,0,0
4.8648,1.0421e+06,0.15647,262.73,-0.56942,0,4.1398e+05,-2.4273e+16,286.52,,15.36,15.36,0,0
4.8646,1.042e+06,0.1567,263.12,-0.57648,0,4.1396e+05,-2.4349e+16,286.52,,15.52,15.52,0,0
4.8645,1.042e+06,0.15694,263.5,-0.58355,0,4.1394e+05,-2.4426e+16,286.51,,15.68,15.68,0,0
4.8643,1.042e+06,0.15718,263.89,-0.59061,0,4.1392e+05,-2.4502e+16,286.51,,15.84,15.84,0,0
4.8641,1.0419e+06,0.15742,264.27,-0.59767,0,4.1389e+05,-2.4579e+16,286.51,,16,16,0,0
4.8639,1.0419e+06,0.15765,264.66,-0.60473,0,4.1387e+05,-2.4655e+16,286.5,,16.16,16.16,0,0
4.8637,1.0418e+06,0.1579,265.06,-0.61192,0,4.1385e+05,-2.4734e+16,286.5,,16.32,16.32,0,0
4.8634,1.0418e+06,0.15817,265.51,-0.61948,0,4.1382e+05,-2.4824e+16,286.49,,16.48,16.48,0,0
4.8632,1.0418e+06,0.15845,265.96,-0.62705,0,4.138e+05,-2.4914e+16,286.49,,16.64,16.64,0,0
4.863,1.0417e+06,0.15873,266.4,-0.63462,0,4.1377e+05,-2.5004e+16,286.48,,16.8,16.8,0,0
4.8628,1.0417e+06,0.159,266.85,-0.64219,0,4.1374e+05,-2.5093e+16,286.48,,16.96,16.96,0,0
4.8625,1.0416e+06,0.15928,267.3,-0.64976,0,4.1372e+05,-2.5183e+16,286.47,,17.12,17.12,0,0
4.8623,1.0416e+06,0.15955,267.75,-0.65733,0,4.1369e+05,-2.5273e+16,286.47,,17.28,17.28,0,0
4.8621,1.0416e+06,0.15983,268.2,-0.6649,0,4.1366e+05,-2.5362e+16,286.46,,17.44,17.44,0,0
4.8619,1.0415e+06,0.1601,268.64,-0.67247,0,4.1364e+05,-2.5452e+16,286.46,,17.6,17.6,0,0
4.8616,1.0415e+06,0.16038,269.09,-0.68004,0,4.1361e+05,-2.5542e+16,286.45,,17.76,17.76,0,0
4.8614,1.0414e+06,0.16066,269.54,-0.68761,0,4.1358e+05,-2.5631e+16,286.45,,17.92,17.92,0,0
4.8612,1.0414e+06,0.16093,269.99,-0.69518,0,4.1356e+05,-2.5721e+16,286.44,,18.08,18.08,0,0
4.861,1.0414e+06,0.16121,270.44,-0.70275,0,4.1353e+05,-2.5811e+16,286.44,,18.24,18.24,0,0
4.8607,1.0413e+06,0.16149,270.9,-0.71048,0,4.135e+05,-2.5904e+16,286.43,,18.4,18.4,0,0
4.8605,1.0413e+06,0.16181,271.42,-0.71867,0,4.1347e+05,-2.6008e+16,286.43,,18.56,18.56,0,0
4.8602,1.0412e+06,0.16213,271.93,-0.72685,0,4.1344e+05,-2.6112e+16,286.42,,18.72,18.72,0,0
4.8599,1.0412e+06,0.16245,272.45,-0.73504,0,4.1341e+05,-2.6217e+16,286.41,,18.88,18.88,0,0
4.8597,1.0411e+06,0.16277,272.96,-0.74323,0,4.1338e+05,-2.6321e+16,286.41,,19.04,19.04,0,0
4.8594,1.0411e+06,0.16308,273.48,-0.75141,0,4.1335e+05,-2.6425e+16,286.4,,19.2,19.2,0,0
4.8592,1.041e+06,0.1634,273.99,-0.7596,0,4.1332e+05,-2.6529e+16,286.4,,19.36,19.36,0,0
4.8589,1.041e+06,0.16372,274.51,-0.76779,0,4.1329e+05,-2.6633e+16,286.39,,19.52,19.52,0,0
4.8586,1.0409e+06,0.16404,275.02,-0.77598,0,4.1326e+05,-2.6737e+16,286.38,,19.68,19.68,0,0
4.8584,1.0409e+06,0.16435,275.54,-0.78416,0,4.1323e+05,-2.6842e+16,286.38,,19.84,19.84,0,0
4.8581,1.0408e+06,0.16467,276.05,-0.79235,0,4.132e+05,-2.6946e+16,286.37,,20,20,0,0
4.8579,1.0408e+06,0.16499,276.57,-0.80054,0,4.1317e+05,-2.705e+16,286.37,,20.16,20.16,0,0
4.8576,1.0407e+06,0.16531,277.08,-0.80873,0,4.1314e+05,-2.7154e+16,286.36,,20.32,20.32,0,0
4.8573,1.0407e+06,0.16563,277.61,-0.81698,0,4.131e+05,-2.726e+16,286.35,,20.48,20.48,0,0
4.857,1.0406e+06,0.16599,278.19,-0.82582,0,4.1307e+05,-2.7382e+16,286.35,,20.64,20.64,0,0
4.8567,1.0406e+06,0.16636,278.78,-0.83466,0,4.1303e+05,-2.7504e+16,286.34,,20.8,20.8,0,0
4.8564,1.0405e+06,0.16672,279.37,-0.8435,0,4.13e+05,-2.7626e+16,286.33,,20.96,20.96,0,0
4.8561,1.0405e+06,0.16709,279.96,-0.85234,0,4.1296e+05,-2.7747e+16,286.33,,21.12,21.12,0,0
4.8558,1.0404e+06,0.16745,280.55,-0.86118,0,4.1292e+05,-2.7869e+16,286.32,,21.28,21.28,0,0
4.8555,1.0404e+06,0.16781,281.14,-0.87002,0,4.1289e+05,-2.7991e+16,286.31,,21.44,21.44,0,0
4.8552,1.0403e+06,0.16818,281.73,-0.87886,0,4.1285e+05,-2.8113e+16,286.31,,21.6,21.6,0,0
4.8549,1.0403e+06,0.16854,282.32,-0.8877,0,4.1282e+05,-2.8235e+16,286.3,,21.76,21.76,0,0
4.8546,1.0402e+06,0.16891,282.9,-0.89654,0,4.1278e+05,-2.8357e+16,286.29,,21.92,21.92,0,0
4.8543,1.0401e+06,0.16927,283.49,-0.90538,0,4.1274e+05,-2.8479e+16,286.29,,22.08,22.08,0,0
4.854,1.0401e+06,0.16963,284.08,-0.91422,0,4.1271e+05,-2.8601e+16,286.28,,22.24,22.24,0,0
4.8537,1.04e+06,0.17,284.67,-0.92306,0,4.1267e+05,-2.8722e+16,286.27,,22.4,22.4,0,0
4.8534,1.04e+06,0.17036,285.26,-0.9319,0,4.1264e+05,-2.8844e+16,286.26,,22.56,22.56,0,0
4.853,1.0399e+06,0.17077,285.92,-0.9412,0,4.126e+05,-2.8985e+16,286.26,,22.72,22.72,0,0
4.8527,1.0398e+06,0.17119,286.59,-0.95053,0,4.1255e+05,-2.9128e+16,286.25,,22.88,22.88,0,0
4.8523,1.0398e+06,0.1716,287.26,-0.95986,0,4.1251e+05,-2.927e+16,286.24,,23.04,23.04,0,0
4.852,1.0397e+06,0.17202,287.92,-0.96918,0,4.1247e+05,-2.9412e+16,286.23,,23.2,23.2,0,0
4.8516,1.0397e+06,0.17243,288.59,-0.97851,0,4.1243e+05,-2.9555e+16,286.22,,23.36,23.36,0,0
4.8512,1.0396e+06,0.17284,289.26,-0.98784,0,4.1239e+05,-2.9697e+16,286.22,,23.52,23.52,0,0
4.8509,1.0395e+06,0.17326,289.93,-0.99717,0,4.1234e+05,-2.9839e+16,286.21,,23.68,23.68,0,0
4.8505,1.0395e+06,0.17367,290.6,-1.0065,0,4.123e+05,-2.9982e+16,286.2,,23.84,23.84,0,0
4.8502,1.0394e+06,0.17409,291.26,-1.0158,0,4.1226e+05,-3.0124e+16,286.19,,24,24,0,0
4.8498,1.0393e+06,0.1745,291.93,-1.0252,0,4.1222e+05,-3.0266e+16,286.18,,24.16,24.16,0,0
4.8495,1.0393e+06,0.17491,292.6,-1.0345,0,4.1218e+05,-3.0409e+16,286.18,,24.32,24.32,0,0
4.8491,1.0392e+06,0.17533,293.27,-1.0438,0,4.1213e+05,-3.0551e+16,286.17,,24.48,24.48,0,0
4.8488,1.0391e+06,0.17574,293.93,-1.0531,0,4.1209e+05,-3.0693e+16,286.16,,24.64,24.64,0,0
4.8484,1.0391e+06,0.1762,294.66,-1.0629,0,4.1204e+05,-3.0853e+16,286.15,,24.8,24.8,0,0
4.8479,1.039e+06,0.17666,295.41,-1.0727,0,4.12e+05,-3.1018e+16,286.14,,24.96,24.96,0,0
4.8475,1.0389e+06,0.17713,296.16,-1.0826,0,4.1195e+05,-3.1184e+16,286.13,,25.12,25.12,0,0
4.8471,1.0388e+06,0.1776,296.92,-1.0925,0,4.119e+05,-3.1349e+16,286.12,,25.28,25.28,0,0
4.8467,1.0388e+06,0.17807,297.67,-1.1023,0,4.1185e+05,-3.1515e+16,286.11,,25.44,25.44,0,0
4.8463,1.0387e+06,0.17853,298.42,-1.1122,0,4.118e+05,-3.1681e+16,286.1,,25.6,25.6,0,0
4.8459,1.0386e+06,0.179,299.17,-1.122,0,4.1175e+05,-3.1846e+16,286.09,,25.76,25.76,0,0
4.8455,1.0385e+06,0.17947,299.92,-1.1319,0,4.117e+05,-3.2012e+16,286.08,,25.92,25.92,0,0
4.845,1.0385e+06,0.17994,300.67,-1.1418,0,4.1165e+05,-3.2177e+16,286.07,,26.08,26.08,0,0
4.8446,1.0384e+06,0.1804,301.42,-1.1516,0,4.1161e+05,-3.2343e+16,286.06,,26.24,26.24,0,0
4.8442,1.0383e+06,0.18087,302.17,-1.1615,0,4.1156e+05,-3.2509e+16,286.06,,26.4,26.4,0,0
4.8438,1.0382e+06,0.18134,302.92,-1.1714,0,4.1151e+05,-3.2674e+16,286.05,,26.56,26.56,0,0
4.8434,1.0382e+06,0.18181,303.68,-1.1812,0,4.1146e+05,-3.284e+16,286.04,,26.72,26.72,0,0
4.8429,1.0381e+06,0.1823,304.46,-1.1915,0,4.1141e+05,-3.3015e+16,286.03,,26.88,26.88,0,0
4.8425,1.038e+06,0.18282,305.3,-1.2026,0,4.1135e+05,-3.3207e+16,286.02,,27.04,27.04,0,0
4.842,1.0379e+06,0.18334,306.13,-1.2137,0,4.1129e+05,-3.3399e+16,286,,27.2,27.2,0,0
4.8415,1.0378e+06,0.18387,306.97,-1.2247,0,4.1124e+05,-3.3591e+16,285.99,,27.36,27.36,0,0
4.841,1.0377e+06,0.18439,307.81,-1.2358,0,4.1118e+05,-3.3783e+16,285.98,,27.52,27.52,0,0
4.8406,1.0377e+06,0.18492,308.65,-1.2469,0,4.1112e+05,-3.3975e+16,285.97,,27.68,27.68,0,0
4.8401,1.0376e+06,0.18544,309.49,-1.2579,0,4.1107e+05,-3.4167e+16,285.96,,27.84,27.84,0,0
4.8396,1.0375e+06,0.18597,310.32,-1.269,0,4.1101e+05,-3.4359e+16,285.95,,28,28,0,0
4.8391,1.0374e+06,0.18649,311.16,-1.2801,0,4.1095e+05,-3.4551e+16,285.94,,28.16,28.16,0,0
4.8386,1.0373e+06,0.18701,312,-1.2912,0,4.109e+05,-3.4743e+16,285.93,,28.32,28.32,0,0
4.8382,1.0372e+06,0.18754,312.84,-1.3022,0,4.1084e+05,-3.4935e+16,285.92,,28.48,28.48,0,0
4.8377,1.0371e+06,0.18806,313.68,-1.3133,0,4.1078e+05,-3.5127e+16,285.9,,28.64,28.64,0,0
4.8372,1.037e+06,0.18859,314.52,-1.3244,0,4.1073e+05,-3.5319e+16,285.89,,28.8,28.8,0,0
4.8367,1.037e+06,0.18911,315.35,-1.3355,0,4.1067e+05,-3.5511e+16,285.88,,28.96,28.96,0,0
4.8362,1.0369e+06,0.18969,316.29,-1.3512,0,4.1061e+05,-3.5722e+16,285.87,,29.12,29.12,0,0
4.8357,1.0368e+06,0.19028,317.22,-1.367,0,4.1055e+05,-3.5934e+16,285.86,,29.28,29.28,0,0
4.8352,1.0367e+06,0.19086,318.15,-1.3829,0,4.1048e+05,-3.6146e+16,285.84,,29.44,29.44,0,0
4.8346,1.0366e+06,0.19145,319.08,-1.3988,0,4.1042e+05,-3.6358e+16,285.83,,29.6,29.6,0,0
4.8341,1.0365e+06,0.19204,320.02,-1.4146,0,4.1036e+05,-3.657e+16,285.82,,29.76,29.76,0,0
4.8336,1.0364e+06,0.19262,320.95,-1.4305,0,4.103e+05,-3.6782e+16,285.81,,29.92,29.92,0,0
4.8331,1.0363e+06,0.19321,321.88,-1.4463,0,4.1023e+05,-3.6994e+16,285.79,,30.08,30.08,0,0
4.8326,1.0362e+06,0.19379,322.82,-1.4622,0,4.1017e+05,-3.7206e+16,285.78,,30.24,30.24,0,0
4.832,1.0361e+06,0.19438,323.75,-1.478,0,4.1011e+05,-3.7418e+16,285.77,,30.4,30.4,0,0
4.8315,1.036e+06,0.19496,324.68,-1.4939,0,4.1005e+05,-3.7629e+16,285.75,,30.56,30.56,0,0
4.831,1.0359e+06,0.19555,325.62,-1.5097,0,4.0998e+05,-3.7841e+16,285.74,,30.72,30.72,0,0
4.8305,1.0358e+06,0.19613,326.55,-1.5256,0,4.0992e+05,-3.8053e+16,285.73,,30.88,30.88,0,0
4.83,1.0358e+06,0.19672,327.48,-1.5415,0,4.0986e+05,-3.8265e+16,285.72,,31.04,31.04,0,0
4.8293,1.0356e+06,0.19735,328.48,-1.5499,0,4.0979e+05,-3.8516e+16,285.7,,31.2,31.2,0,0
4.8286,1.0355e+06,0.19801,329.53,-1.5515,0,4.097e+05,-3.8804e+16,285.69,,31.36,31.36,0,0
4.8279,1.0354e+06,0.19868,330.58,-1.5531,0,4.0962e+05,-3.9092e+16,285.67,,31.52,31.52,0,0
4.8272,1.0352e+06,0.19935,331.63,-1.5548,0,4.0953e+05,-3.9379e+16,285.65,,31.68,31.68,0,0
4.8264,1.0351e+06,0.20002,332.69,-1.5564,0,4.0945e+05,-3.9667e+16,285.64,,31.84,31.84,0,0
4.8257,1.0349e+06,0.20068,333.74,-1.558,0,4.0936e+05,-3.9954e+16,285.62,,32,32,0,0
4.825,1.0348e+06,0.20135,334.79,-1.5597,0,4.0928e+05,-4.0242e+16,285.6,,32.16,32.16,0,0
4.8242,1.0347e+06,0.20205,335.88,-1.5584,0,4.0919e+05,-4.0552e+16,285.59,,32.32,32.32,0,0
4.8233,1.0345e+06,0.20276,336.99,-1.5561,0,4.0909e+05,-4.0871e+16,285.57,,32.48,32.48,0,0
4.8225,1.0343e+06,0.20346,338.09,-1.5538,0,4.09e+05,-4.1191e+16,285.56,,32.64,32.64,0,0
4.8217,1.0342e+06,0.20417,339.2,-1.5516,0,4.089e+05,-4.151e+16,285.54,,32.8,32.8,0,0
4.8208,1.034e+06,0.20487,340.3,-1.5493,0,4.0881e+05,-4.1829e+16,285.52,,32.96,32.96,0,0
4.82,1.0339e+06,0.20558,341.41,-1.547,0,4.0871e+05,-4.2148e+16,285.51,,33.12,33.12,0,0
4.8192,1.0337e+06,0.20629,342.51,-1.5447,0,4.0862e+05,-4.2467e+16,285.49,,33.28,33.28,0,0
4.8183,1.0336e+06,0.20702,343.66,-1.5453,0,4.0852e+05,-4.2792e+16,285.47,,33.44,33.44,0,0
4.8175,1.0334e+06,0.20776,344.82,-1.5462,0,4.0843e+05,-4.3118e+16,285.45,,33.6,33.6,0,0
4.8167,1.0333e+06,0.2085,345.97,-1.547,0,4.0833e+05,-4.3443e+16,285.44,,33.76,33.76,0,0
4.8158,1.0331e+06,0.20923,347.12,-1.5479,0,4.0824e+05,-4.3768e+16,285.42,,33.92,33.92,0,0
4.815,1.033e+06,0.20997,348.27,-1.5487,0,4.0814e+05,-4.4093e+16,285.4,,34.08,34.08,0,0
4.8142,1.0328e+06,0.21071,349.43,-1.5496,0,4.0805e+05,-4.4419e+16,285.39,,34.24,34.24,0,0
4.8133,1.0326e+06,0.21145,350.59,-1.5504,0,4.0795e+05,-4.4744e+16,285.37,,34.4,34.4,0,0
4.8125,1.0325e+06,0.21224,351.82,-1.5514,0,4.0785e+05,-4.5069e+16,285.35,,34.56,34.56,0,0
4.8117,1.0323e+06,0.21303,353.06,-1.5524,0,4.0776e+05,-4.5395e+16,285.33,,34.72,34.72,0,0
4.8109,1.0322e+06,0.21382,354.29,-1.5534,0,4.0766e+05,-4.572e+16,285.31,,34.88,34.88,0,0
4.8101,1.0321e+06,0.2146,355.52,-1.5544,0,4.0757e+05,-4.6045e+16,285.29,,35.04,35.04,0,0
4.8093,1.0319e+06,0.21539,356.76,-1.5554,0,4.0747e+05,-4.637e+16,285.27,,35.2,35.2,0,0
4.8085,1.0318e+06,0.21618,357.99,-1.5564,0,4.0737e+05,-4.6696e+16,285.25,,35.36,35.36,0,0
4.8076,1.0316e+06,0.21699,359.26,-1.5582,0,4.0727e+05,-4.7034e+16,285.23,,35.52,35.52,0,0
4.8067,1.0314e+06,0.21785,360.59,-1.5614,0,4.0717e+05,-4.7397e+16,285.21,,35.68,35.68,0,0
4.8058,1.0313e+06,0.2187,361.93,-1.5647,0,4.0706e+05,-4.776e+16,285.19,,35.84,35.84,0,0
4.8049,1.0311e+06,0.21956,363.27,-1.5679,0,4.0695e+05,-4.8123e+16,285.17,,36,36,0,0
4.804,1.031e+06,0.22042,364.6,-1.5711,0,4.0685e+05,-4.8486e+16,285.15,,36.16,36.16,0,0
4.8031,1.0308e+06,0.22128,365.94,-1.5743,0,4.0674e+05,-4.8848e+16,285.13,,36.32,36.32,0,0
4.8022,1.0306e+06,0.22213,367.27,-1.5776,0,4.0663e+05,-4.9211e+16,285.11,,36.48,36.48,0,0
4.8012,1.0305e+06,0.22302,368.66,-1.5799,0,4.0652e+05,-4.959e+16,285.08,,36.64,36.64,0,0
4.8003,1.0303e+06,0.22395,370.1,-1.5812,0,4.0641e+05,-4.9983e+16,285.06,,36.8,36.8,0,0
4.7993,1.0301e+06,0.22487,371.54,-1.5826,0,4.0629e+05,-5.0377e+16,285.04,,36.96,36.96,0,0
4.7983,1.0299e+06,0.2258,372.97,-1.584,0,4.0617e+05,-5.0771e+16,285.01,,37.12,37.12,0,0
4.7973,1.0298e+06,0.22673,374.41,-1.5854,0,4.0606e+05,-5.1165e+16,284.99,,37.28,37.28,0,0
4.7964,1.0296e+06,0.22765,375.85,-1.5868,0,4.0594e+05,-5.1558e+16,284.97,,37.44,37.44,0,0
4.7954,1.0294e+06,0.22858,377.29,-1.5882,0,4.0582e+05,-5.1952e+16,284.94,,37.6,37.6,0,0
4.7943,1.0292e+06,0.22955,378.79,-1.5805,0,4.057e+05,-5.237e+16,284.92,,37.76,37.76,0,0
4.7933,1.029e+06,0.23054,380.32,-1.5679,0,4.0557e+05,-5.2802e+16,284.89,,37.92,37.92,0,0
4.7922,1.0288e+06,0.23153,381.86,-1.5552,0,4.0545e+05,-5.3234e+16,284.87,,38.08,38.08,0,0
4.7911,1.0286e+06,0.23253,383.4,-1.5426,0,4.0532e+05,-5.3665e+16,284.84,,38.24,38.24,0,0
4.79,1.0285e+06,0.23352,384.93,-1.53,0,4.0519e+05,-5.4097e+16,284.82,,38.4,38.4,0,0
4.7889,1.0283e+06,0.23452,386.47,-1.5174,0,4.0507e+05,-5.4529e+16,284.79,,38.56,38.56,0,0
4.7879,1.0281e+06,0.23551,388,-1.5048,0,4.0494e+05,-5.4961e+16,284.77,,38.72,38.72,0,0
4.7867,1.0279e+06,0.23656,389.61,-1.4953,0,4.048e+05,-5.5429e+16,284.74,,38.88,38.88,0,0
4.7855,1.0276e+06,0.23762,391.24,-1.4869,0,4.0466e+05,-5.591e+16,284.71,,39.04,39.04,0,0
4.7843,1.0274e+06,0.23868,392.87,-1.4785,0,4.0452e+05,-5.6391e+16,284.68,,39.2,39.2,0,0
4.7831,1.0272e+06,0.23974,394.5,-1.4701,0,4.0437e+05,-5.6872e+16,284.65,,39.36,39.36,0,0
4.7819,1.027e+06,0.24081,396.13,-1.4617,0,4.0423e+05,-5.7354e+16,284.63,,39.52,39.52,0,0
4.7807,1.0268e+06,0.24187,397.76,-1.4533,0,4.0409e+05,-5.7835e+16,284.6,,39.68,39.68,0,0
4.7795,1.0266e+06,0.24293,399.39,-1.4449,0,4.0395e+05,-5.8316e+16,284.57,,39.84,39.84,0,0
4.7782,1.0263e+06,0.24406,401.1,-1.4384,0,4.038e+05,-5.8835e+16,284.54,,40,40,0,0
4.7769,1.0261e+06,0.24519,402.84,-1.4322,0,4.0364e+05,-5.9362e+16,284.51,,40.16,40.16,0,0
4.7756,1.0259e+06,0.24633,404.57,-1.4259,0,4.0349e+05,-5.9888e+16,284.48,,40.32,40.32,0,0
4.7743,1.0256e+06,0.24746,406.3,-1.4197,0,4.0333e+05,-6.0415e+16,284.45,,40.48,40.48,0,0
4.7729,1.0254e+06,0.2486,408.03,-1.4135,0,4.0317e+05,-6.0941e+16,284.41,,40.64,40.64,0,0
4.7716,1.0251e+06,0.24973,409.76,-1.4073,0,4.0302e+05,-6.1467e+16,284.38,,40.8,40.8,0,0
4.7703,1.0249e+06,0.25087,411.49,-1.4011,0,4.0286e+05,-6.1994e+16,284.35,,40.96,40.96,0,0
4.7689,1.0247e+06,0.25208,413.32,-1.3925,0,4.027e+05,-6.2568e+16,284.32,,41.12,41.12,0,0
4.7674,1.0244e+06,0.2533,415.17,-1.3839,0,4.0253e+05,-6.3145e+16,284.28,,41.28,41.28,0,0
4.766,1.0241e+06,0.25451,417.01,-1.3752,0,4.0236e+05,-6.3721e+16,284.25,,41.44,41.44,0,0
4.7646,1.0239e+06,0.25573,418.85,-1.3666,0,4.0219e+05,-6.4297e+16,284.21,,41.6,41.6,0,0
4.7631,1.0236e+06,0.25694,420.69,-1.3579,0,4.0202e+05,-6.4874e+16,284.18,,41.76,41.76,0,0
4.7617,1.0234e+06,0.25816,422.53,-1.3493,0,4.0185e+05,-6.545e+16,284.14,,41.92,41.92,0,0
4.7603,1.0231e+06,0.25938,424.38,-1.3406,0,4.0167e+05,-6.603e+16,284.11,,42.08,42.08,0,0
4.7587,1.0228e+06,0.26068,426.33,-1.3313,0,4.0149e+05,-6.6664e+16,284.07,,42.24,42.24,0,0
4.7571,1.0225e+06,0.26199,428.29,-1.3221,0,4.013e+05,-6.7297e+16,284.03,,42.4,42.4,0,0
4.7555,1.0223e+06,0.26329,430.25,-1.3128,0,4.0111e+05,-6.7931e+16,284,,42.56,42.56,0,0
4.754,1.022e+06,0.26459,432.21,-1.3036,0,4.0093e+05,-6.8564e+16,283.96,,42.72,42.72,0,0
4.7524,1.0217e+06,0.2659,434.16,-1.2943,0,4.0074e+05,-6.9198e+16,283.92,,42.88,42.88,0,0
4.7508,1.0214e+06,0.2672,436.12,-1.285,0,4.0055e+05,-6.9831e+16,283.88,,43.04,43.04,0,0
4.7492,1.0211e+06,0.26851,438.09,-1.2757,0,4.0037e+05,-7.047e+16,283.84,,43.2,43.2,0,0
4.7475,1.0208e+06,0.26991,440.17,-1.2661,0,4.0016e+05,-7.1171e+16,283.8,,43.36,43.36,0,0
4.7457,1.0205e+06,0.2713,442.25,-1.2564,0,3.9995e+05,-7.1872e+16,283.76,,43.52,43.52,0,0
4.744,1.0202e+06,0.2727,444.32,-1.2467,0,3.9975e+05,-7.2573e+16,283.72,,43.68,43.68,0,0
4.7422,1.0199e+06,0.2741,446.4,-1.2371,0,3.9954e+05,-7.3274e+16,283.67,,43.84,43.84,0,0
4.7405,1.0196e+06,0.2755,448.48,-1.2274,0,3.9933e+05,-7.3975e+16,283.63,,44,44,0,0
4.7387,1.0192e+06,0.27689,450.56,-1.2177,0,3.9913e+05,-7.4676e+16,283.59,,44.16,44.16,0,0
4.737,1.0189e+06,0.2783,452.65,-1.208,0,3.9892e+05,-7.5383e+16,283.55,,44.32,44.32,0,0
4.735,1.0186e+06,0.27979,454.85,-1.1977,0,3.9869e+05,-7.6158e+16,283.5,,44.48,44.48,0,0
4.7331,1.0182e+06,0.28128,457.04,-1.1874,0,3.9846e+05,-7.6933e+16,283.45,,44.64,44.64,0,0
4.7312,1.0179e+06,0.28278,459.24,-1.1771,0,3.9823e+05,-7.7708e+16,283.41,,44.8,44.8,0,0
4.7292,1.0175e+06,0.28427,461.44,-1.1669,0,3.98e+05,-7.8483e+16,283.36,,44.96,44.96,0,0
4.7273,1.0172e+06,0.28576,463.64,-1.1566,0,3.9778e+05,-7.9257e+16,283.31,,45.12,45.12,0,0
4.7253,1.0168e+06,0.28725,465.83,-1.1463,0,3.9755e+05,-8.0032e+16,283.27,,45.28,45.28,0,0
4.7234,1.0165e+06,0.28876,468.04,-1.1359,0,3.9732e+05,-8.0811e+16,283.22,,45.44,45.44,0,0
4.7214,1.0161e+06,0.29036,470.39,-1.1248,0,3.9707e+05,-8.1635e+16,283.17,,45.6,45.6,0,0
4.7193,1.0158e+06,0.29197,472.74,-1.1136,0,3.9683e+05,-8.2458e+16,283.12,,45.76,45.76,0,0
4.7173,1.0154e+06,0.29357,475.09,-1.1024,0,3.9659e+05,-8.3282e+16,283.07,,45.92,45.92,0,0
4.7152,1.015e+06,0.29518,477.44,-1.0913,0,3.9635e+05,-8.4105e+16,283.02,,46.08,46.08,0,0
4.7132,1.0147e+06,0.29678,479.79,-1.0801,0,3.961e+05,-8.4929e+16,282.97,,46.24,46.24,0,0
4.7112,1.0143e+06,0.29839,482.14,-1.0689,0,3.9586e+05,-8.5752e+16,282.92,,46.4,46.4,0,0
4.7091,1.014e+06,0.30001,484.5,-1.0579,0,3.9561e+05,-8.6599e+16,282.86,,46.56,46.56,0,0
4.7063,1.0134e+06,0.30177,487,-1.0475,0,3.9529e+05,-8.7688e+16,282.8,,46.72,46.72,0,0
4.7035,1.0129e+06,0.30353,489.49,-1.0372,0,3.9497e+05,-8.8777e+16,282.74,,46.88,46.88,0,0
4.7008,1.0124e+06,0.30528,491.99,-1.0268,0,3.9465e+05,-8.9866e+16,282.67,,47.04,47.04,0,0
4.6981,1.0119e+06,0.30705,494.49,-1.0312,0,3.9433e+05,-9.0934e+16,282.61,,47.2,47.2,0,0
4.6954,1.0114e+06,0.30882,497,-1.0461,0,3.9402e+05,-9.1986e+16,282.55,,47.36,47.36,0,0
4.6927,1.0109e+06,0.31058,499.5,-1.0611,0,3.9371e+05,-9.3038e+16,282.49,,47.52,47.52,0,0
4.69,1.0104e+06,0.31235,502.02,-1.0743,0,3.934e+05,-9.4091e+16,282.43,,47.68,47.68,0,0
4.6874,1.0099e+06,0.31417,504.59,-1.0655,0,3.9309e+05,-9.5147e+16,282.36,,47.84,47.84,0,0
4.6847,1.0094e+06,0.31599,507.16,-1.0567,0,3.9278e+05,-9.6203e+16,282.3,,48,48,0,0
4.682,1.0089e+06,0.31781,509.73,-1.0479,0,3.9247e+05,-9.726e+16,282.24,,48.16,48.16,0,0
4.6792,1.0084e+06,0.31966,512.34,-1.0556,0,3.9215e+05,-9.8355e+16,282.17,,48.32,48.32,0,0
4.6764,1.0079e+06,0.32154,514.97,-1.0759,0,3.9181e+05,-9.9479e+16,282.11,,48.48,48.48,0,0
4.6736,1.0074e+06,0.32342,517.61,-1.0962,0,3.9148e+05,-1.006e+17,282.04,,48.64,48.64,0,0
4.6707,1.0068e+06,0.3253,520.25,-1.1147,0,3.9115e+05,-1.0173e+17,281.97,,48.8,48.8,0,0
4.6678,1.0063e+06,0.32724,522.96,-1.1041,0,3.9081e+05,-1.0288e+17,281.9,,48.96,48.96,0,0
4.6649,1.0058e+06,0.32919,525.68,-1.0934,0,3.9047e+05,-1.0404e+17,281.83,,49.12,49.12,0,0
4.662,1.0053e+06,0.33114,528.39,-1.0828,0,3.9013e+05,-1.0519e+17,281.76,,49.28,49.28,0,0
4.659,1.0047e+06,0.33312,531.15,-1.0793,0,3.8978e+05,-1.0639e+17,281.69,,49.44,49.44,0,0
4.6558,1.0041e+06,0.33514,533.93,-1.0829,0,3.8941e+05,-1.0763e+17,281.61,,49.6,49.6,0,0
4.6527,1.0036e+06,0.33716,536.72,-1.0865,0,3.8904e+05,-1.0888e+17,281.54,,49.76,49.76,0,0
4.6495,1.003e+06,0.33919,539.51,-1.0901,0,3.8868e+05,-1.1012e+17,281.46,,49.92,49.92,0,0
4.6463,1.0024e+06,0.34128,542.38,-1.0775,0,3.8829e+05,-1.1142e+17,281.38,,50.08,50.08,0,0
4.643,1.0018e+06,0.34338,545.26,-1.0642,0,3.8791e+05,-1.1272e+17,281.31,,50.24,50.24,0,0
4.6397,1.0012e+06,0.34549,548.13,-1.0508,0,3.8752e+05,-1.1403e+17,281.23,,50.4,50.4,0,0
4.6363,1.0006e+06,0.34762,551.03,-1.0367,0,3.8713e+05,-1.1536e+17,281.15,,50.56,50.56,0,0
4.6328,9.9995e+05,0.3498,553.99,-1.0214,0,3.8673e+05,-1.1672e+17,281.06,,50.72,50.72,0,0
4.6294,9.9932e+05,0.35197,556.94,-1.006,0,3.8633e+05,-1.1809e+17,280.98,,50.88,50.88,0,0
4.6259,9.987e+05,0.35415,559.89,-0.99071,0,3.8593e+05,-1.1945e+17,280.9,,51.04,51.04,0,0
4.6223,9.9803e+05,0.3564,562.9,-0.9987,0,3.855e+05,-1.209e+17,280.81,,51.2,51.2,0,0
4.6186,9.9735e+05,0.35866,565.92,-1.0109,0,3.8507e+05,-1.2236e+17,280.72,,51.36,51.36,0,0
4.6149,9.9667e+05,0.36092,568.95,-1.0232,0,3.8464e+05,-1.2382e+17,280.63,,51.52,51.52,0,0
4.6112,9.9599e+05,0.3632,571.99,-1.0277,0,3.842e+05,-1.2529e+17,280.54,,51.68,51.68,0,0
4.6073,9.9529e+05,0.36553,575.09,-1.0136,0,3.8376e+05,-1.2681e+17,280.45,,51.84,51.84,0,0
4.6035,9.9459e+05,0.36787,578.18,-0.99954,0,3.8331e+05,-1.2832e+17,280.36,,52,52,0,0
4.5997,9.939e+05,0.3702,581.28,-0.98547,0,3.8287e+05,-1.2983e+17,280.26,,52.16,52.16,0,0
4.5957,9.9317e+05,0.37259,584.42,-0.97308,0,3.824e+05,-1.314e+17,280.17,,52.32,52.32,0,0
4.5917,9.9244e+05,0.375,587.57,-0.96129,0,3.8193e+05,-1.3299e+17,280.07,,52.48,52.48,0,0
4.5876,9.917e+05,0.3774,590.72,-0.9495,0,3.8147e+05,-1.3458e+17,279.97,,52.64,52.64,0,0
4.5836,9.9097e+05,0.37983,593.89,-0.93885,0,3.81e+05,-1.3618e+17,279.87,,52.8,52.8,0,0
4.5795,9.9023e+05,0.38232,597.15,-0.93316,0,3.8052e+05,-1.378e+17,279.77,,52.96,52.96,0,0
4.5754,9.895e+05,0.38482,600.41,-0.92746,0,3.8004e+05,-1.3942e+17,279.67,,53.12,53.12,0,0
4.5714,9.8877e+05,0.38732,603.66,-0.92177,0,3.7956e+05,-1.4104e+17,279.56,,53.28,53.28,0,0
4.5668,9.8792e+05,0.38993,607,-0.91565,0,3.7903e+05,-1.4284e+17,279.45,,53.44,53.44,0,0
4.562,9.8701e+05,0.39259,610.38,-0.90928,0,3.7847e+05,-1.4474e+17,279.33,,53.6,53.6,0,0
4.5571,9.861e+05,0.39527,613.75,-0.87973,0,3.7791e+05,-1.4666e+17,279.22,,53.76,53.76,0,0
4.5522,9.8518e+05,0.39794,617.11,-0.8484,0,3.7734e+05,-1.4857e+17,279.1,,53.92,53.92,0,0
4.5472,9.8427e+05,0.40062,620.45,-0.85843,0,3.7677e+05,-1.505e+17,278.98,,54.08,54.08,0,0
4.5423,9.8336e+05,0.40331,623.81,-0.86132,0,3.7621e+05,-1.5241e+17,278.87,,54.24,54.24,0,0
4.5374,9.8246e+05,0.40601,627.18,-0.84471,0,3.7565e+05,-1.5432e+17,278.75,,54.4,54.4,0,0
4.5324,9.8154e+05,0.40873,630.56,-0.84699,0,3.7507e+05,-1.5627e+17,278.63,,54.56,54.56,0,0
4.5273,9.806e+05,0.41148,633.94,-0.86982,0,3.7449e+05,-1.5826e+17,278.51,,54.72,54.72,0,0
4.5222,9.7965e+05,0.41427,637.36,-0.8692,0,3.7389e+05,-1.6027e+17,278.38,,54.88,54.88,0,0
4.517,9.787e+05,0.41706,640.79,-0.85803,0,3.733e+05,-1.6228e+17,278.26,,55.04,55.04,0,0
4.5117,9.7774e+05,0.4199,644.26,-0.83836,0,3.727e+05,-1.6433e+17,278.13,,55.2,55.2,0,0
4.5064,9.7677e+05,0.42276,647.73,-0.82031,0,3.7209e+05,-1.664e+17,278.01,,55.36,55.36,0,0
4.501,9.7576e+05,0.42565,651.21,-0.8225,0,3.7146e+05,-1.6853e+17,277.87,,55.52,55.52,0,0
4.4955,9.7475e+05,0.42856,654.71,-0.82196,0,3.7083e+05,-1.7067e+17,277.74,,55.68,55.68,0,0
4.49,9.7373e+05,0.4315,658.23,-0.81569,0,3.7019e+05,-1.7283e+17,277.6,,55.84,55.84,0,0
4.4844,9.7269e+05,0.43447,661.76,-0.82073,0,3.6955e+05,-1.7502e+17,277.47,,56,56,0,0
4.4787,9.7165e+05,0.43747,665.32,-0.83617,0,3.6889e+05,-1.7723e+17,277.33,,56.16,56.16,0,0
4.4729,9.7058e+05,0.44052,668.92,-0.81983,0,3.6823e+05,-1.7949e+17,277.18,,56.32,56.32,0,0
4.4671,9.6951e+05,0.44359,672.54,-0.79102,0,3.6755e+05,-1.8177e+17,277.04,,56.48,56.48,0,0
4.4611,9.684e+05,0.44672,676.19,-0.7814,0,3.6686e+05,-1.8412e+17,276.89,,56.64,56.64,0,0
4.455,9.6729e+05,0.44986,679.84,-0.77199,0,3.6617e+05,-1.8648e+17,276.74,,56.8,56.8,0,0
4.4489,9.6617e+05,0.45303,683.5,-0.75039,0,3.6546e+05,-1.8886e+17,276.59,,56.96,56.96,0,0
4.4427,9.6503e+05,0.45622,687.17,-0.73626,0,3.6475e+05,-1.9127e+17,276.44,,57.12,57.12,0,0
4.4364,9.6386e+05,0.45944,690.84,-0.73873,0,3.6403e+05,-1.9373e+17,276.28,,57.28,57.28,0,0
4.43,9.6268e+05,0.46269,694.52,-0.73451,0,3.6329e+05,-1.9622e+17,276.12,,57.44,57.44,0,0
4.4235,9.6149e+05,0.46597,698.21,-0.72379,0,3.6255e+05,-1.9873e+17,275.96,,57.6,57.6,0,0
4.4169,9.6026e+05,0.46928,701.91,-0.72477,0,3.618e+05,-2.013e+17,275.79,,57.76,57.76,0,0
4.4103,9.5903e+05,0.47261,705.62,-0.73065,0,3.6103e+05,-2.0389e+17,275.63,,57.92,57.92,0,0
4.4035,9.5778e+05,0.47599,709.35,-0.7188,0,3.6026e+05,-2.0653e+17,275.46,,58.08,58.08,0,0
4.3967,9.5652e+05,0.47938,713.08,-0.70667,0,3.5948e+05,-2.0917e+17,275.29,,58.24,58.24,0,0
4.3897,9.5522e+05,0.48282,716.82,-0.70934,0,3.5868e+05,-2.1189e+17,275.11,,58.4,58.4,0,0
4.3827,9.5391e+05,0.48627,720.57,-0.7077,0,3.5787e+05,-2.1462e+17,274.94,,58.56,58.56,0,0
4.3755,9.5259e+05,0.48977,724.33,-0.69583,0,3.5706e+05,-2.1738e+17,274.76,,58.72,58.72,0,0
4.3683,9.5125e+05,0.49329,728.09,-0.69489,0,3.5623e+05,-2.2019e+17,274.57,,58.88,58.88,0,0
4.361,9.4989e+05,0.49685,731.86,-0.70515,0,3.5539e+05,-2.2303e+17,274.39,,59.04,59.04,0,0
4.3535,9.4851e+05,0.50044,735.64,-0.70175,0,3.5454e+05,-2.2591e+17,274.2,,59.2,59.2,0,0
4.346,9.4712e+05,0.50405,739.42,-0.69225,0,3.5369e+05,-2.2881e+17,274.01,,59.36,59.36,0,0
4.3384,9.457e+05,0.50771,743.2,-0.6961,0,3.5282e+05,-2.3177e+17,273.82,,59.52,59.52,0,0
4.3307,9.4427e+05,0.51137,746.98,-0.69875,0,3.5194e+05,-2.3474e+17,273.62,,59.68,59.68,0,0
4.3229,9.4282e+05,0.51509,750.77,-0.67117,0,3.5105e+05,-2.3775e+17,273.43,,59.84,59.84,0,0
4.315,9.4136e+05,0.51882,754.56,-0.6589,0,3.5015e+05,-2.408e+17,273.23,,60,60,0,0
4.3069,9.3985e+05,0.52259,758.32,-0.68536,0,3.4923e+05,-2.4392e+17,273.02,,60.16,60.16,0,0
4.2987,9.3833e+05,0.52638,762.1,-0.6943,0,3.4831e+05,-2.4705e+17,272.82,,60.32,60.32,0,0
4.2905,9.3681e+05,0.5302,765.87,-0.68432,0,3.4738e+05,-2.5021e+17,272.61,,60.48,60.48,0,0
4.2822,9.3526e+05,0.53405,769.64,-0.66699,0,3.4644e+05,-2.534e+17,272.4,,60.64,60.64,0,0
4.2738,9.3371e+05,0.53793,773.41,-0.64581,0,3.4549e+05,-2.5662e+17,272.18,,60.8,60.8,0,0
4.2653,9.3211e+05,0.54184,777.17,-0.63294,0,3.4452e+05,-2.599e+17,271.97,,60.96,60.96,0,0
4.2567,9.3051e+05,0.54577,780.92,-0.62191,0,3.4355e+05,-2.6319e+17,271.75,,61.12,61.12,0,0
4.2479,9.2887e+05,0.54974,784.64,-0.63155,0,3.4256e+05,-2.6656e+17,271.52,,61.28,61.28,0,0
4.2391,9.2722e+05,0.55372,788.35,-0.63626,0,3.4156e+05,-2.6993e+17,271.3,,61.44,61.44,0,0
4.2302,9.2556e+05,0.55771,792.03,-0.61881,0,3.4056e+05,-2.7333e+17,271.07,,61.6,61.6,0,0
4.2213,9.2391e+05,0.56173,795.74,-0.60119,0,3.3956e+05,-2.7672e+17,270.84,,61.76,61.76,0,0
4.2126,9.223e+05,0.5658,799.5,-0.58329,0,3.3857e+05,-2.8009e+17,270.61,,61.92,61.92,0,0
4.2033,9.2056e+05,0.56998,803.28,-0.55196,0,3.3752e+05,-2.8365e+17,270.37,,62.08,62.08,0,0
4.1935,9.1869e+05,0.57422,806.99,-0.53546,0,3.3642e+05,-2.8739e+17,270.12,,62.24,62.24,0,0
4.1838,9.1688e+05,0.57844,810.67,-0.50634,0,3.3534e+05,-2.9106e+17,269.87,,62.4,62.4,0,0
4.174,9.1503e+05,0.58268,814.32,-0.48837,0,3.3424e+05,-2.9479e+17,269.62,,62.56,62.56,0,0
4.1642,9.1319e+05,0.58692,817.94,-0.47775,0,3.3314e+05,-2.985e+17,269.37,,62.72,62.72,0,0
4.1543,9.1135e+05,0.59118,821.55,-0.48249,0,3.3204e+05,-3.0222e+17,269.12,,62.88,62.88,0,0
4.1444,9.095e+05,0.59548,825.16,-0.46307,0,3.3094e+05,-3.0597e+17,268.86,,63.04,63.04,0,0
4.1344,9.0761e+05,0.59982,828.75,-0.46205,0,3.2982e+05,-3.0978e+17,268.6,,63.2,63.2,0,0
4.1242,9.057e+05,0.60419,832.33,-0.46081,0,3.2868e+05,-3.1363e+17,268.34,,63.36,63.36,0,0
4.1139,9.0376e+05,0.6086,835.89,-0.47024,0,3.2753e+05,-3.1752e+17,268.07,,63.52,63.52,0,0
4.1035,9.0181e+05,0.61304,839.44,-0.45656,0,3.2638e+05,-3.2144e+17,267.8,,63.68,63.68,0,0
4.093,8.9984e+05,0.61752,842.98,-0.44009,0,3.2521e+05,-3.254e+17,267.53,,63.84,63.84,0,0
4.0824,8.9785e+05,0.62203,846.5,-0.43896,0,3.2403e+05,-3.294e+17,267.25,,64,64,0,0
4.0717,8.9584e+05,0.62657,850,-0.42252,0,3.2284e+05,-3.3343e+17,266.97,,64.16,64.16,0,0
4.0608,8.9379e+05,0.63115,853.47,-0.42159,0,3.2164e+05,-3.3751e+17,266.69,,64.32,64.32,0,0
4.0499,8.9173e+05,0.63576,856.93,-0.40801,0,3.2043e+05,-3.4162e+17,266.4,,64.48,64.48,0,0
4.0388,8.8964e+05,0.6404,860.35,-0.40891,0,3.192e+05,-3.4579e+17,266.11,,64.64,64.64,0,0
4.0276,8.8753e+05,0.64507,863.75,-0.40114,0,3.1796e+05,-3.4999e+17,265.81,,64.8,64.8,0,0
4.0163,8.8539e+05,0.64978,867.11,-0.39925,0,3.1671e+05,-3.5423e+17,265.51,,64.96,64.96,0,0
4.0049,8.8324e+05,0.65451,870.46,-0.38617,0,3.1546e+05,-3.5849e+17,265.21,,65.12,65.12,0,0
3.9934,8.8106e+05,0.65928,873.77,-0.37997,0,3.1419e+05,-3.628e+17,264.9,,65.28,65.28,0,0
3.9818,8.7887e+05,0.66407,877.06,-0.36918,0,3.1291e+05,-3.6713e+17,264.59,,65.44,65.44,0,0
3.9701,8.7665e+05,0.6689,880.31,-0.36446,0,3.1162e+05,-3.7151e+17,264.28,,65.6,65.6,0,0
3.9582,8.744e+05,0.67376,883.53,-0.37385,0,3.1032e+05,-3.7592e+17,263.97,,65.76,65.76,0,0
3.9463,8.7213e+05,0.67864,886.71,-0.38449,0,3.09e+05,-3.8038e+17,263.65,,65.92,65.92,0,0
3.9342,8.6985e+05,0.68356,889.86,-0.37721,0,3.0768e+05,-3.8486e+17,263.32,,66.08,66.08,0,0
3.922,8.6753e+05,0.68851,892.97,-0.3765,0,3.0635e+05,-3.8938e+17,263,,66.24,66.24,0,0
3.9098,8.652e+05,0.69348,896.05,-0.35939,0,3.0501e+05,-3.9393e+17,262.67,,66.4,66.4,0,0
3.8974,8.6285e+05,0.69849,899.09,-0.34573,0,3.0366e+05,-3.9852e+17,262.33,,66.56,66.56,0,0
3.8849,8.6047e+05,0.70353,902.09,-0.33678,0,3.0229e+05,-4.0315e+17,262,,66.72,66.72,0,0
3.8722,8.5805e+05,0.7086,905.03,-0.32837,0,3.0091e+05,-4.0783e+17,261.65,,66.88,66.88,0,0
3.8594,8.5561e+05,0.71369,907.92,-0.32184,0,2.9952e+05,-4.1254e+17,261.31,,67.04,67.04,0,0
3.8466,8.5317e+05,0.7188,910.79,-0.32038,0,2.9814e+05,-4.1724e+17,260.96,,67.2,67.2,0,0
3.8338,8.5072e+05,0.72394,913.63,-0.31539,0,2.9674e+05,-4.2198e+17,260.61,,67.36,67.36,0,0
3.8207,8.4823e+05,0.72913,916.42,-0.31251,0,2.9533e+05,-4.2677e+17,260.26,,67.52,67.52,0,0
3.8076,8.4571e+05,0.73435,919.17,-0.30106,0,2.9391e+05,-4.3159e+17,259.9,,67.68,67.68,0,0
3.7943,8.4318e+05,0.7396,921.87,-0.29852,0,2.9247e+05,-4.3645e+17,259.54,,67.84,67.84,0,0
3.781,8.4062e+05,0.74487,924.53,-0.28772,0,2.9104e+05,-4.4133e+17,259.17,,68,68,0,0
3.7676,8.3805e+05,0.75018,927.15,-0.27355,0,2.8959e+05,-4.4624e+17,258.8,,68.16,68.16,0,0
3.754,8.3545e+05,0.75551,929.7,-0.27792,0,2.8813e+05,-4.5119e+17,258.43,,68.32,68.32,0,0
3.7403,8.3283e+05,0.76088,932.22,-0.26504,0,2.8666e+05,-4.5616e+17,258.05,,68.48,68.48,0,0
3.7266,8.3019e+05,0.76627,934.68,-0.25573,0,2.8519e+05,-4.6116e+17,257.67,,68.64,68.64,0,0
3.7127,8.2753e+05,0.77168,937.09,-0.24948,0,2.8371e+05,-4.662e+17,257.29,,68.8,68.8,0,0
3.6988,8.2484e+05,0.77713,939.45,-0.2476,0,2.8221e+05,-4.7126e+17,256.9,,68.96,68.96,0,0
3.6847,8.2214e+05,0.7826,941.76,-0.23434,0,2.8072e+05,-4.7634e+17,256.51,,69.12,69.12,0,0
3.6706,8.1942e+05,0.7881,944.01,-0.22257,0,2.7921e+05,-4.8144e+17,256.12,,69.28,69.28,0,0
3.6564,8.1668e+05,0.79362,946.21,-0.21221,0,2.777e+05,-4.8657e+17,255.72,,69.44,69.44,0,0
3.6421,8.1392e+05,0.79917,948.36,-0.20564,0,2.7618e+05,-4.9173e+17,255.32,,69.6,69.6,0,0
3.6277,8.1113e+05,0.80475,950.45,-0.19732,0,2.7465e+05,-4.9691e+17,254.91,,69.76,69.76,0,0
3.6132,8.0833e+05,0.81035,952.48,-0.19225,0,2.7312e+05,-5.0212e+17,254.51,,69.92,69.92,0,0
3.5986,8.0551e+05,0.81598,954.45,-0.18409,0,2.7157e+05,-5.0735e+17,254.1,,70.08,70.08,0,0
3.5839,8.0267e+05,0.82164,956.37,-0.17894,0,2.7003e+05,-5.126e+17,253.68,,70.24,70.24,0,0
3.5692,7.998e+05,0.82732,958.22,-0.17244,0,2.6847e+05,-5.1788e+17,253.26,,70.4,70.4,0,0
3.5543,7.9692e+05,0.83303,960.02,-0.16676,0,2.6691e+05,-5.2318e+17,252.84,,70.56,70.56,0,0
3.5394,7.9402e+05,0.83876,961.76,-0.16085,0,2.6534e+05,-5.2849e+17,252.42,,70.72,70.72,0,0
3.5244,7.9111e+05,0.84452,963.44,-0.15496,0,2.6377e+05,-5.3383e+17,251.99,,70.88,70.88,0,0
3.5093,7.8817e+05,0.8503,965.06,-0.14903,0,2.6219e+05,-5.3918e+17,251.56,,71.04,71.04,0,0
3.4942,7.8522e+05,0.8561,966.61,-0.14307,0,2.6061e+05,-5.4455e+17,251.12,,71.2,71.2,0,0
3.4789,7.8226e+05,0.86193,968.11,-0.13708,0,2.5902e+05,-5.4993e+17,250.69,,71.36,71.36,0,0
3.4637,7.7928e+05,0.86778,969.55,-0.13105,0,2.5743e+05,-5.5532e+17,250.25,,71.52,71.52,0,0
3.4483,7.7628e+05,0.87365,970.92,-0.12497,0,2.5584e+05,-5.6073e+17,249.8,,71.68,71.68,0,0
3.4329,7.7327e+05,0.87953,972.23,-0.11885,0,2.5424e+05,-5.6615e+17,249.36,,71.84,71.84,0,0
3.4175,7.7025e+05,0.88544,973.47,-0.11262,0,2.5264e+05,-5.7158e+17,248.91,,72,72,0,0
3.402,7.6721e+05,0.89136,974.66,-0.10652,0,2.5104e+05,-5.7701e+17,248.46,,72.16,72.16,0,0
3.3864,7.6417e+05,0.8973,975.78,-0.10035,0,2.4943e+05,-5.8245e+17,248,,72.32,72.32,0,0
3.3709,7.6111e+05,0.90325,976.83,-0.094086,0,2.4783e+05,-5.879e+17,247.55,,72.48,72.48,0,0
3.3552,7.5804e+05,0.90922,977.81,-0.087799,0,2.4622e+05,-5.9334e+17,247.09,,72.64,72.64,0,0
3.3396,7.5496e+05,0.9152,978.74,-0.081506,0,2.4462e+05,-5.9879e+17,246.63,,72.8,72.8,0,0
3.3239,7.5188e+05,0.92119,979.59,-0.075202,0,2.4301e+05,-6.0424e+17,246.16,,72.96,72.96,0,0
3.3082,7.4879e+05,0.92718,980.39,-0.068882,0,2.4141e+05,-6.0968e+17,245.7,,73.12,73.12,0,0
3.2925,7.4569e+05,0.93319,981.12,-0.062549,0,2.398e+05,-6.1512e+17,245.23,,73.28,73.28,0,0
3.2768,7.4259e+05,0.93919,981.78,-0.056212,0,2.382e+05,-6.2055e+17,244.76,,73.44,73.44,0,0
3.2611,7.3949e+05,0.9452,982.38,-0.049886,0,2.3661e+05,-6.2596e+17,244.29,,73.6,73.6,0,0
3.2454,7.3639e+05,0.9512,982.92,-0.043583,0,2.3502e+05,-6.3136e+17,243.82,,73.76,73.76,0,0
3.2297,7.3328e+05,0.95721,983.39,-0.037314,0,2.3343e+05,-6.3675e+17,243.35,,73.92,73.92,0,0
3.2141,7.3018e+05,0.96321,983.8,-0.031087,0,2.3184e+05,-6.4212e+17,242.88,,74.08,74.08,0,0
3.1984,7.2707e+05,0.96921,984.15,-0.024895,0,2.3026e+05,-6.4748e+17,242.4,,74.24,74.24,0,0
3.1827,7.2396e+05,0.97522,984.43,-0.01868,0,2.2869e+05,-6.5283e+17,241.93,,74.4,74.4,0,0
3.1671,7.2085e+05,0.98122,984.65,-0.012896,0,2.2711e+05,-6.5817e+17,241.45,,74.56,74.56,0,0
3.1514,7.1773e+05,0.98724,984.81,-0.0068687,0,2.2554e+05,-6.635e+17,240.97,,74.72,74.72,0,0
3.1357,7.1461e+05,0.99328,984.91,-0.00079566,0,2.2397e+05,-6.6883e+17,240.49,,74.88,74.88,0,0
3.12,7.1147e+05,0.99933,984.95,0.0053061,0,2.224e+05,-6.7416e+17,240.01,,75.04,75.04,0,0
3.1042,7.0832e+05,1.0054,984.93,0.01175,0,2.2083e+05,-6.795e+17,239.52,,75.2,75.2,0,0
3.0883,7.0515e+05,1.0115,984.85,0.018256,0,2.1925e+05,-6.8486e+17,239.03,,75.36,75.36,0,0
3.0723,7.0195e+05,1.0177,984.71,0.025093,0,2.1766e+05,-6.9025e+17,238.53,,75.52,75.52,0,0
3.0561,6.9871e+05,1.024,984.5,0.032406,0,2.1606e+05,-6.9568e+17,238.03,,75.68,75.68,0,0
3.0398,6.9543e+05,1.0303,984.23,0.040203,0,2.1444e+05,-7.0117e+17,237.52,,75.84,75.84,0,0
3.0231,6.921e+05,1.0367,983.88,0.048467,0,2.128e+05,-7.0673e+17,237,,76,76,0,0
3.0062,6.887e+05,1.0433,983.46,0.057151,0,2.1113e+05,-7.1237e+17,236.47,,76.16,76.16,0,0
2.989,6.8524e+05,1.05,982.97,0.066143,0,2.0944e+05,-7.1811e+17,235.93,,76.32,76.32,0,0
2.9715,6.817e+05,1.0568,982.39,0.07526,0,2.0772e+05,-7.2394e+17,235.37,,76.48,76.48,0,0
2.9536,6.781e+05,1.0638,981.73,0.084284,0,2.0598e+05,-7.2986e+17,234.81,,76.64,76.64,0,0
2.9355,6.7444e+05,1.0708,980.99,0.093026,0,2.0421e+05,-7.3586e+17,234.23,,76.8,76.8,0,0
2.9171,6.7073e+05,1.078,980.16,0.10083,0,2.0242e+05,-7.4192e+17,233.64,,76.96,76.96,0,0
2.8986,6.6699e+05,1.0853,979.26,0.10758,0,2.0063e+05,-7.48e+17,233.05,,77.12,77.12,0,0
2.8802,6.6326e+05,1.0925,978.28,0.11329,0,1.9885e+05,-7.5406e+17,232.46,,77.28,77.28,0,0
2.8619,6.5956e+05,1.0997,977.24,0.11827,0,1.9708e+05,-7.6003e+17,231.87,,77.44,77.44,0,0
2.8439,6.559e+05,1.1068,976.14,0.1228,0,1.9535e+05,-7.6591e+17,231.28,,77.6,77.6,0,0
2.8262,6.5231e+05,1.1138,974.99,0.12705,0,1.9365e+05,-7.7168e+17,230.7,,77.76,77.76,0,0
2.8088,6.4876e+05,1.1208,973.8,0.13118,0,1.9198e+05,-7.7734e+17,230.13,,77.92,77.92,0,0
2.7917,6.4527e+05,1.1276,972.55,0.13531,0,1.9034e+05,-7.8289e+17,229.57,,78.08,78.08,0,0
2.7748,6.4182e+05,1.1343,971.27,0.13955,0,1.8873e+05,-7.8836e+17,229.01,,78.24,78.24,0,0
2.7581,6.3841e+05,1.141,969.94,0.14398,0,1.8715e+05,-7.9374e+17,228.46,,78.4,78.4,0,0
2.7416,6.3504e+05,1.1476,968.56,0.14869,0,1.8558e+05,-7.9906e+17,227.91,,78.56,78.56,0,0
2.7252,6.3169e+05,1.1542,967.14,0.15375,0,1.8403e+05,-8.0431e+17,227.37,,78.72,78.72,0,0
2.7089,6.2835e+05,1.1608,965.67,0.15918,0,1.8249e+05,-8.0953e+17,226.82,,78.88,78.88,0,0
2.6927,6.2502e+05,1.1673,964.15,0.16504,0,1.8096e+05,-8.1472e+17,226.28,,79.04,79.04,0,0
2.6765,6.2169e+05,1.1739,962.58,0.1714,0,1.7944e+05,-8.1989e+17,225.73,,79.2,79.2,0,0
2.6603,6.1835e+05,1.1805,960.95,0.17776,0,1.7792e+05,-8.2505e+17,225.18,,79.36,79.36,0,0
2.644,6.1501e+05,1.1871,959.26,0.18439,0,1.764e+05,-8.302e+17,224.63,,79.52,79.52,0,0
2.6277,6.1166e+05,1.1938,957.52,0.19127,0,1.7488e+05,-8.3535e+17,224.08,,79.68,79.68,0,0
2.6114,6.0829e+05,1.2005,955.72,0.19818,0,1.7336e+05,-8.405e+17,223.52,,79.84,79.84,0,0
2.5951,6.0491e+05,1.2072,953.86,0.20495,0,1.7184e+05,-8.4566e+17,222.96,,80,80,0,0
2.5787,6.0152e+05,1.214,951.94,0.21142,0,1.7032e+05,-8.5081e+17,222.4,,80.16,80.16,0,0
2.5622,5.9812e+05,1.2208,949.96,0.21752,0,1.6881e+05,-8.5595e+17,221.83,,80.32,80.32,0,0
2.5458,5.9472e+05,1.2276,947.93,0.22328,0,1.673e+05,-8.6107e+17,221.26,,80.48,80.48,0,0
2.5295,5.9133e+05,1.2344,945.85,0.22876,0,1.6579e+05,-8.6617e+17,220.69,,80.64,80.64,0,0
2.5132,5.8794e+05,1.2412,943.73,0.2342,0,1.643e+05,-8.7124e+17,220.12,,80.8,80.8,0,0
2.4969,5.8457e+05,1.2481,941.56,0.23947,0,1.6282e+05,-8.7627e+17,219.55,,80.96,80.96,0,0
2.4808,5.812e+05,1.2549,939.35,0.24545,0,1.6134e+05,-8.8127e+17,218.98,,81.12,81.12,0,0
2.4647,5.7785e+05,1.2617,937.1,0.25095,0,1.5988e+05,-8.8623e+17,218.41,,81.28,81.28,0,0
2.4487,5.7451e+05,1.2685,934.81,0.25756,0,1.5843e+05,-8.9115e+17,217.84,,81.44,81.44,0,0
2.4328,5.7118e+05,1.2752,932.47,0.26326,0,1.5699e+05,-8.9604e+17,217.28,,81.6,81.6,0,0
2.4169,5.6786e+05,1.282,930.1,0.27059,0,1.5556e+05,-9.009e+17,216.71,,81.76,81.76,0,0
2.4011,5.6455e+05,1.2888,927.7,0.27799,0,1.5414e+05,-9.0572e+17,216.14,,81.92,81.92,0,0
2.3854,5.6125e+05,1.2956,925.25,0.28591,0,1.5272e+05,-9.1051e+17,215.57,,82.08,82.08,0,0
2.3697,5.5797e+05,1.3024,922.77,0.29365,0,1.5132e+05,-9.1527e+17,215,,82.24,82.24,0,0
2.3541,5.5469e+05,1.3092,920.25,0.30165,0,1.4993e+05,-9.2e+17,214.44,,82.4,82.4,0,0
2.3385,5.5142e+05,1.316,917.69,0.30955,0,1.4854e+05,-9.2469e+17,213.87,,82.56,82.56,0,0
2.323,5.4816e+05,1.3227,915.1,0.31877,0,1.4717e+05,-9.2936e+17,213.3,,82.72,82.72,0,0
2.3076,5.4491e+05,1.3295,912.48,0.33083,0,1.458e+05,-9.3399e+17,212.73,,82.88,82.88,0,0
2.2923,5.4167e+05,1.3363,909.82,0.34549,0,1.4445e+05,-9.3859e+17,212.17,,83.04,83.04,0,0
2.277,5.3844e+05,1.3431,907.14,0.35734,0,1.431e+05,-9.4316e+17,211.6,,83.2,83.2,0,0
2.2618,5.3522e+05,1.3499,904.4,0.36155,0,1.4176e+05,-9.477e+17,211.03,,83.36,83.36,0,0
2.2466,5.32e+05,1.3567,901.64,0.34882,0,1.4043e+05,-9.5221e+17,210.46,,83.52,83.52,0,0
2.2314,5.2879e+05,1.3635,898.82,0.32943,0,1.3911e+05,-9.567e+17,209.9,,83.68,83.68,0,0
2.2166,5.2564e+05,1.3702,896.05,0.33419,0,1.3781e+05,-9.611e+17,209.33,,83.84,83.84,0,0
2.2017,5.2248e+05,1.377,893.23,0.34797,0,1.3651e+05,-9.655e+17,208.77,,84,84,0,0
2.1868,5.1931e+05,1.3838,890.35,0.35676,0,1.3522e+05,-9.6988e+17,208.2,,84.16,84.16,0,0
2.172,5.1615e+05,1.3906,887.44,0.36423,0,1.3394e+05,-9.7422e+17,207.64,,84.32,84.32,0,0
2.1573,5.1302e+05,1.3974,884.53,0.37284,0,1.3267e+05,-9.7852e+17,207.07,,84.48,84.48,0,0
2.1427,5.0991e+05,1.4041,881.59,0.38275,0,1.3142e+05,-9.8278e+17,206.51,,84.64,84.64,0,0
2.1281,5.068e+05,1.4109,878.63,0.38409,0,1.3017e+05,-9.8701e+17,205.95,,84.8,84.8,0,0
2.1137,5.0371e+05,1.4176,875.64,0.38055,0,1.2893e+05,-9.9121e+17,205.39,,84.96,84.96,0,0
2.0993,5.0064e+05,1.4244,872.64,0.38961,0,1.2771e+05,-9.9536e+17,204.83,,85.12,85.12,0,0
2.085,4.9758e+05,1.4311,869.61,0.39998,0,1.2649e+05,-9.9948e+17,204.27,,85.28,85.28,0,0
2.0708,4.9453e+05,1.4378,866.56,0.41206,0,1.2529e+05,-1.0036e+18,203.71,,85.44,85.44,0,0
2.0567,4.9149e+05,1.4446,863.48,0.40875,0,1.2409e+05,-1.0076e+18,203.15,,85.6,85.6,0,0
2.0426,4.8846e+05,1.4513,860.38,0.4104,0,1.229e+05,-1.0117e+18,202.59,,85.76,85.76,0,0
2.0286,4.8545e+05,1.458,857.26,0.41578,0,1.2173e+05,-1.0157e+18,202.04,,85.92,85.92,0,0
2.0146,4.8245e+05,1.4647,854.11,0.42469,0,1.2056e+05,-1.0196e+18,201.48,,86.08,86.08,0,0
2.0008,4.7945e+05,1.4714,850.94,0.41984,0,1.194e+05,-1.0236e+18,200.93,,86.24,86.24,0,0
1.987,4.7648e+05,1.4781,847.77,0.42459,0,1.1825e+05,-1.0274e+18,200.38,,86.4,86.4,0,0
1.9733,4.7352e+05,1.4848,844.58,0.43604,0,1.1711e+05,-1.0313e+18,199.83,,86.56,86.56,0,0
1.9597,4.7058e+05,1.4915,841.37,0.42973,0,1.1598e+05,-1.0351e+18,199.27,,86.72,86.72,0,0
1.9462,4.6766e+05,1.4982,838.17,0.44508,0,1.1487e+05,-1.0389e+18,198.72,,86.88,86.88,0,0
1.9328,4.6474e+05,1.5049,834.94,0.44761,0,1.1376e+05,-1.0427e+18,198.18,,87.04,87.04,0,0
1.9195,4.6184e+05,1.5115,831.69,0.43832,0,1.1266e+05,-1.0464e+18,197.63,,87.2,87.2,0,0
1.9062,4.5896e+05,1.5182,828.45,0.44033,0,1.1158e+05,-1.0501e+18,197.08,,87.36,87.36,0,0
1.8931,4.561e+05,1.5249,825.18,0.42757,0,1.105e+05,-1.0537e+18,196.53,,87.52,87.52,0,0
1.88,4.5326e+05,1.5315,821.93,0.44585,0,1.0944e+05,-1.0574e+18,195.99,,87.68,87.68,0,0
1.867,4.5043e+05,1.5381,818.66,0.44135,0,1.0838e+05,-1.0609e+18,195.45,,87.84,87.84,0,0
1.8542,4.4762e+05,1.5447,815.39,0.45052,0,1.0734e+05,-1.0645e+18,194.91,,88,88,0,0
1.8414,4.4483e+05,1.5513,812.1,0.44531,0,1.063e+05,-1.068e+18,194.37,,88.16,88.16,0,0
1.8287,4.4205e+05,1.5579,808.8,0.45272,0,1.0528e+05,-1.0715e+18,193.83,,88.32,88.32,0,0
1.816,4.3928e+05,1.5646,805.5,0.4554,0,1.0426e+05,-1.0749e+18,193.3,,88.48,88.48,0,0
1.8032,4.3648e+05,1.5713,802.13,0.47924,0,1.0323e+05,-1.0784e+18,192.75,,88.64,88.64,0,0
1.7903,4.3362e+05,1.578,798.63,0.49512,0,1.0219e+05,-1.0819e+18,192.2,,88.8,88.8,0,0
1.778,4.3093e+05,1.5845,795.33,0.49714,0,1.0122e+05,-1.0852e+18,191.67,,88.96,88.96,0,0
1.7659,4.2827e+05,1.591,792.05,0.50134,0,1.0025e+05,-1.0885e+18,191.15,,89.12,89.12,0,0
1.754,4.2566e+05,1.5974,788.83,0.50919,0,99311,-1.0917e+18,190.64,,89.28,89.28,0,0
1.7421,4.2305e+05,1.6039,785.59,0.52234,0,98371,-1.0949e+18,190.12,,89.44,89.44,0,0
1.7303,4.2045e+05,1.6103,782.33,0.54242,0,97436,-1.0981e+18,189.6,,89.6,89.6,0,0
1.7185,4.1784e+05,1.6168,779.04,0.55956,0,96505,-1.1012e+18,189.08,,89.76,89.76,0,0
1.7067,4.1524e+05,1.6233,775.73,0.57366,0,95578,-1.1044e+18,188.56,,89.92,89.92,0,0
1.695,4.1265e+05,1.6298,772.41,0.58589,0,94660,-1.1075e+18,188.04,,90.08,90.08,0,0
1.6833,4.1007e+05,1.6362,769.08,0.59661,0,93750,-1.1106e+18,187.52,,90.24,90.24,0,0
1.6718,4.075e+05,1.6427,765.75,0.60638,0,92850,-1.1136e+18,187,,90.4,90.4,0,0
1.6603,4.0496e+05,1.6492,762.43,0.61553,0,91957,-1.1166e+18,186.49,,90.56,90.56,0,0
1.6489,4.0243e+05,1.6556,759.11,0.6248,0,91076,-1.1196e+18,185.97,,90.72,90.72,0,0
1.6375,3.9992e+05,1.662,755.79,0.63413,0,90201,-1.1226e+18,185.46,,90.88,90.88,0,0
1.6263,3.9742e+05,1.6685,752.47,0.64182,0,89338,-1.1255e+18,184.95,,91.04,91.04,0,0
1.6152,3.9494e+05,1.6749,749.16,0.64891,0,88480,-1.1284e+18,184.44,,91.2,91.2,0,0
1.6041,3.9248e+05,1.6813,745.84,0.66101,0,87635,-1.1313e+18,183.94,,91.36,91.36,0,0
1.5931,3.9003e+05,1.6877,742.53,0.67444,0,86794,-1.1342e+18,183.43,,91.52,91.52,0,0
1.5822,3.876e+05,1.694,739.22,0.67793,0,85966,-1.137e+18,182.93,,91.68,91.68,0,0
1.5714,3.8517e+05,1.7004,735.91,0.6797,0,85141,-1.1398e+18,182.43,,91.84,91.84,0,0
1.5607,3.8278e+05,1.7068,732.62,0.69415,0,84332,-1.1425e+18,181.93,,92,92,0,0
1.55,3.804e+05,1.7131,729.33,0.71013,0,83525,-1.1452e+18,181.43,,92.16,92.16,0,0
1.5394,3.7802e+05,1.7194,726.02,0.69009,0,82729,-1.1479e+18,180.94,,92.32,92.32,0,0
1.5289,3.7565e+05,1.7258,722.71,0.66742,0,81933,-1.1506e+18,180.44,,92.48,92.48,0,0
1.5185,3.7332e+05,1.7321,719.44,0.6758,0,81157,-1.1533e+18,179.95,,92.64,92.64,0,0
1.5081,3.71e+05,1.7384,716.16,0.68475,0,80381,-1.1559e+18,179.46,,92.8,92.8,0,0
1.4979,3.6869e+05,1.7447,712.88,0.67132,0,79619,-1.1585e+18,178.97,,92.96,92.96,0,0
1.4876,3.6638e+05,1.751,709.6,0.65878,0,78857,-1.1611e+18,178.48,,93.12,93.12,0,0
1.4776,3.6411e+05,1.7573,706.35,0.66196,0,78112,-1.1636e+18,177.99,,93.28,93.28,0,0
1.4675,3.6185e+05,1.7635,703.09,0.66404,0,77367,-1.1661e+18,177.51,,93.44,93.44,0,0
1.4576,3.596e+05,1.7698,699.83,0.65534,0,76636,-1.1686e+18,177.03,,93.6,93.6,0,0
1.4476,3.5736e+05,1.776,696.58,0.64921,0,75906,-1.1711e+18,176.55,,93.76,93.76,0,0
1.4379,3.5516e+05,1.7822,693.36,0.65961,0,75192,-1.1735e+18,176.07,,93.92,93.92,0,0
1.4281,3.5295e+05,1.7884,690.14,0.6664,0,74480,-1.1759e+18,175.59,,94.08,94.08,0,0
1.4185,3.5077e+05,1.7946,686.92,0.65608,0,73778,-1.1783e+18,175.12,,94.24,94.24,0,0
1.4089,3.4859e+05,1.8008,683.71,0.64207,0,73079,-1.1807e+18,174.64,,94.4,94.4,0,0
1.3994,3.4643e+05,1.807,680.5,0.61454,0,72390,-1.183e+18,174.17,,94.56,94.56,0,0
1.3899,3.4428e+05,1.8132,677.29,0.58758,0,71704,-1.1853e+18,173.7,,94.72,94.72,0,0
1.3805,3.4215e+05,1.8194,674.1,0.56229,0,71030,-1.1876e+18,173.23,,94.88,94.88,0,0
1.3712,3.4003e+05,1.8255,670.91,0.54063,0,70360,-1.1899e+18,172.76,,95.04,95.04,0,0
1.362,3.3794e+05,1.8317,667.75,0.52762,0,69701,-1.1921e+18,172.3,,95.2,95.2,0,0
1.3529,3.3586e+05,1.8378,664.6,0.52076,0,69047,-1.1944e+18,171.84,,95.36,95.36,0,0
1.3439,3.338e+05,1.8439,661.47,0.52606,0,68404,-1.1965e+18,171.38,,95.52,95.52,0,0
1.3349,3.3175e+05,1.85,658.34,0.51904,0,67764,-1.1987e+18,170.92,,95.68,95.68,0,0
1.326,3.2972e+05,1.8561,655.23,0.49156,0,67131,-1.2009e+18,170.46,,95.84,95.84,0,0
1.3172,3.2771e+05,1.8622,652.14,0.46757,0,66506,-1.203e+18,170,,96,96,0,0
1.3085,3.2573e+05,1.8683,649.1,0.44849,0,65895,-1.205e+18,169.56,,96.16,96.16,0,0
1.2999,3.2376e+05,1.8743,646.04,0.44131,0,65287,-1.2071e+18,169.11,,96.32,96.32,0,0
1.2913,3.2178e+05,1.8803,642.95,0.44832,0,64682,-1.2092e+18,168.66,,96.48,96.48,0,0
1.2828,3.1984e+05,1.8863,639.93,0.45157,0,64089,-1.2112e+18,168.21,,96.64,96.64,0,0
1.2745,3.1793e+05,1.8922,636.95,0.451,0,63507,-1.2131e+18,167.77,,96.8,96.8,0,0
1.2662,3.1602e+05,1.8982,633.96,0.45808,0,62927,-1.2151e+18,167.33,,96.96,96.96,0,0
1.2578,3.1411e+05,1.9042,630.94,0.47234,0,62347,-1.2171e+18,166.89,,97.12,97.12,0,0
1.2496,3.122e+05,1.9101,627.92,0.47821,0,61774,-1.219e+18,166.45,,97.28,97.28,0,0
1.2414,3.1031e+05,1.9161,624.91,0.47674,0,61206,-1.221e+18,166.01,,97.44,97.44,0,0
1.2333,3.0845e+05,1.922,621.94,0.47497,0,60649,-1.2228e+18,165.58,,97.6,97.6,0,0
1.2253,3.0661e+05,1.9278,619,0.47295,0,60101,-1.2247e+18,165.15,,97.76,97.76,0,0
1.2174,3.0479e+05,1.9337,616.09,0.47654,0,59562,-1.2265e+18,164.72,,97.92,97.92,0,0
1.2097,3.03e+05,1.9395,613.21,0.48435,0,59030,-1.2283e+18,164.3,,98.08,98.08,0,0
1.202,3.0123e+05,1.9452,610.35,0.49183,0,58507,-1.2301e+18,163.88,,98.24,98.24,0,0
1.1944,2.9947e+05,1.951,607.51,0.49909,0,57988,-1.2319e+18,163.47,,98.4,98.4,0,0
1.1869,2.9773e+05,1.9567,604.68,0.50771,0,57477,-1.2336e+18,163.05,,98.56,98.56,0,0
1.1794,2.96e+05,1.9624,601.87,0.51722,0,56971,-1.2353e+18,162.64,,98.72,98.72,0,0
1.172,2.9429e+05,1.9681,599.07,0.5316,0,56471,-1.237e+18,162.23,,98.88,98.88,0,0
1.1647,2.9258e+05,1.9738,596.29,0.5489,0,55976,-1.2387e+18,161.82,,99.04,99.04,0,0
1.1574,2.9088e+05,1.9794,593.5,0.55177,0,55485,-1.2404e+18,161.41,,99.2,99.2,0,0
1.1501,2.8919e+05,1.9851,590.7,0.54669,0,54996,-1.242e+18,161.01,,99.36,99.36,0,0
1.1428,2.875e+05,1.9907,587.91,0.55509,0,54513,-1.2437e+18,160.6,,99.52,99.52,0,0
1.1356,2.8582e+05,1.9964,585.13,0.57047,0,54032,-1.2453e+18,160.2,,99.68,99.68,0,0
1.1284,2.8414e+05,2.0021,582.33,0.58593,0,53554,-1.2469e+18,159.79,,99.84,99.84,0,0
1.1212,2.8246e+05,2.0078,579.52,0.60142,0,53076,-1.2485e+18,159.39,,100,100,0,0
1.1139,2.8077e+05,2.0136,576.68,0.61047,0,52597,-1.2502e+18,158.98,,100.16,100.16,0,0
1.1066,2.7907e+05,2.0195,573.83,0.61658,0,52116,-1.2518e+18,158.57,,100.32,100.32,0,0
1.0992,2.7733e+05,2.0256,570.91,0.60717,0,51626,-1.2534e+18,158.14,,100.48,100.48,0,0
1.0916,2.7558e+05,2.0318,567.97,0.59112,0,51131,-1.2551e+18,157.71,,100.64,100.64,0,0
1.0839,2.7377e+05,2.0384,564.92,0.63191,0,50621,-1.2569e+18,157.25,,100.8,100.8,0,0
1.076,2.7194e+05,2.045,561.83,0.69533,0,50105,-1.2586e+18,156.79,,100.96,100.96,0,0
1.0683,2.7014e+05,2.0515,558.76,0.70971,0,49606,-1.2603e+18,156.33,,101.12,101.12,0,0
1.0607,2.6835e+05,2.058,555.71,0.70586,0,49112,-1.262e+18,155.89,,101.28,101.28,0,0
1.0531,2.6656e+05,2.0645,552.65,0.70202,0,48618,-1.2637e+18,155.44,,101.44,101.44,0,0
1.0454,2.6478e+05,2.0709,549.6,0.69818,0,48124,-1.2653e+18,154.99,,101.6,101.6,0,0
1.0382,2.6307e+05,2.0773,546.66,0.70196,0,47656,-1.2669e+18,154.55,,101.76,101.76,0,0
1.031,2.6138e+05,2.0836,543.75,0.70817,0,47196,-1.2685e+18,154.12,,101.92,101.92,0,0
1.0238,2.597e+05,2.0899,540.85,0.71439,0,46736,-1.27e+18,153.69,,102.08,102.08,0,0
1.0166,2.5802e+05,2.0962,537.94,0.7206,0,46276,-1.2716e+18,153.26,,102.24,102.24,0,0
1.0099,2.5643e+05,2.1022,535.19,0.74188,0,45847,-1.2731e+18,152.85,,102.4,102.4,0,0
1.0032,2.5488e+05,2.1082,532.48,0.76786,0,45427,-1.2745e+18,152.45,,102.56,102.56,0,0
0.99662,2.5332e+05,2.1143,529.77,0.79384,0,45007,-1.2759e+18,152.04,,102.72,102.72,0,0
0.99,2.5177e+05,2.1203,527.07,0.81982,0,44587,-1.2773e+18,151.64,,102.88,102.88,0,0
0.9842,2.5041e+05,2.1257,524.69,0.81967,0,44221,-1.2786e+18,151.28,,103.04,103.04,0,0
0.97866,2.4911e+05,2.1309,522.41,0.81158,0,43871,-1.2798e+18,150.93,,103.2,103.2,0,0
0.97312,2.4781e+05,2.1362,520.13,0.80348,0,43521,-1.2809e+18,150.58,,103.36,103.36,0,0
0.96758,2.4651e+05,2.1414,517.85,0.79539,0,43172,-1.2821e+18,150.23,,103.52,103.52,0,0
0.96218,2.4523e+05,2.1465,515.6,0.80875,0,42834,-1.2833e+18,149.89,,103.68,103.68,0,0
0.95683,2.4396e+05,2.1516,513.35,0.82848,0,42500,-1.2844e+18,149.55,,103.84,103.84,0,0
0.95148,2.4269e+05,2.1567,511.11,0.8482,0,42167,-1.2855e+18,149.21,,104,104,0,0
0.94612,2.4142e+05,2.1618,508.86,0.86793,0,41833,-1.2867e+18,148.87,,104.16,104.16,0,0
0.94119,2.4027e+05,2.1668,506.82,0.8751,0,41525,-1.2877e+18,148.55,,104.32,104.32,0,0
0.93638,2.3915e+05,2.1718,504.84,0.87864,0,41224,-1.2887e+18,148.23,,104.48,104.48,0,0
0.93158,2.3803e+05,2.1768,502.86,0.88218,0,40924,-1.2898e+18,147.9,,104.64,104.64,0,0
0.92677,2.3691e+05,2.1817,500.88,0.88573,0,40623,-1.2908e+18,147.58,,104.8,104.8,0,0
0.92196,2.3578e+05,2.1869,498.88,0.90588,0,40320,-1.2918e+18,147.25,,104.96,104.96,0,0
0.91714,2.3464e+05,2.1922,496.87,0.93151,0,40017,-1.2928e+18,146.9,,105.12,105.12,0,0
0.91233,2.335e+05,2.1974,494.87,0.95714,0,39713,-1.2939e+18,146.56,,105.28,105.28,0,0
0.90751,2.3236e+05,2.2026,492.86,0.98277,0,39410,-1.2949e+18,146.22,,105.44,105.44,0,0
0.90435,2.316e+05,2.2058,491.5,0.96408,0,39217,-1.2955e+18,146.01,,105.6,105.6,0,0
0.90181,2.3099e+05,2.2081,490.37,0.92883,0,39067,-1.2961e+18,145.85,,105.76,105.76,0,0
0.89926,2.3038e+05,2.2105,489.25,0.89359,0,38916,-1.2966e+18,145.7,,105.92,105.92,0,0
0.89672,2.2977e+05,2.2128,488.12,0.85834,0,38765,-1.2971e+18,145.55,,106.08,106.08,0,0
0.89418,2.2915e+05,2.2152,487,0.82309,0,38614,-1.2976e+18,145.39,,106.24,106.24,0,0
0.89163,2.2854e+05,2.2175,485.87,0.78785,0,38463,-1.2981e+18,145.24,,106.4,106.4,0,0
0.88909,2.2793e+05,2.2199,484.75,0.7526,0,38312,-1.2986e+18,145.08,,106.56,106.56,0,0
0.88655,2.2731e+05,2.2222,483.63,0.71736,0,38161,-1.2991e+18,144.93,,106.72,106.72,0,0
0.88491,2.269e+05,2.2233,482.84,0.69478,0,38070,-1.2994e+18,144.85,,106.88,106.88,0,0
0.88369,2.2659e+05,2.2238,482.22,0.67817,0,38007,-1.2996e+18,144.81,,107.04,107.04,0,0
0.88247,2.2627e+05,2.2243,481.59,0.66156,0,37945,-1.2999e+18,144.77,,107.2,107.2,0,0
0.88126,2.2595e+05,2.2248,480.97,0.64495,0,37882,-1.3001e+18,144.74,,107.36,107.36,0,0
0.88004,2.2564e+05,2.2252,480.34,0.62834,0,37820,-1.3003e+18,144.7,,107.52,107.52,0,0
0.87882,2.2532e+05,2.2257,479.72,0.61173,0,37757,-1.3005e+18,144.66,,107.68,107.68,0,0
0.87761,2.2501e+05,2.2262,479.09,0.59512,0,37695,-1.3007e+18,144.62,,107.84,107.84,0,0
0.87639,2.2469e+05,2.2267,478.47,0.57851,0,37632,-1.3009e+18,144.58,,108,108,0,0
0.87596,2.2456e+05,2.227,478.24,0.56211,0,37604,-1.301e+18,144.54,,108.16,108.16,0,0
0.876,2.2454e+05,2.2272,478.25,0.54585,0,37597,-1.301e+18,144.51,,108.32,108.32,0,0
0.87604,2.2452e+05,2.2274,478.26,0.52959,0,37590,-1.3011e+18,144.47,,108.48,108.48,0,0
0.87609,2.245e+05,2.2276,478.27,0.51332,0,37583,-1.3011e+18,144.44,,108.64,108.64,0,0
0.87613,2.2448e+05,2.2278,478.28,0.49706,0,37576,-1.3011e+18,144.4,,108.8,108.8,0,0
0.87618,2.2446e+05,2.228,478.29,0.4808,0,37568,-1.3011e+18,144.37,,108.96,108.96,0,0
0.87622,2.2445e+05,2.2282,478.3,0.46453,0,37561,-1.3012e+18,144.33,,109.12,109.12,0,0
0.87626,2.2443e+05,2.2284,478.31,0.44827,0,37554,-1.3012e+18,144.3,,109.28,109.28,0,0
0.87663,2.245e+05,2.2281,478.45,0.38379,0,37573,-1.3011e+18,144.31,,109.44,109.44,0,0
0.87723,2.2464e+05,2.2273,478.7,0.28193,0,37612,-1.301e+18,144.36,,109.6,109.6,0,0
0.87784,2.2479e+05,2.2265,478.95,0.18006,0,37651,-1.3009e+18,144.41,,109.76,109.76,0,0
0.87845,2.2493e+05,2.2258,479.2,0.078203,0,37690,-1.3007e+18,144.46,,109.92,109.92,0,0
0.87906,2.2507e+05,2.225,479.45,-0.023662,0,37729,-1.3006e+18,144.51,,110.08,110.08,0,0
0.87967,2.2521e+05,2.2243,479.7,-0.12552,0,37768,-1.3005e+18,144.56,,110.24,110.24,0,0
0.88028,2.2536e+05,2.2235,479.95,-0.22739,0,37807,-1.3003e+18,144.61,,110.4,110.4,0,0
0.88088,2.255e+05,2.2227,480.2,-0.32925,0,37846,-1.3002e+18,144.66,,110.56,110.56,0,0
0.88194,2.2575e+05,2.2215,480.64,-0.42452,0,37912,-1.3e+18,144.74,,110.72,110.72,0,0
0.88363,2.2615e+05,2.2197,481.36,-0.51031,0,38017,-1.2996e+18,144.86,,110.88,110.88,0,0
0.88532,2.2656e+05,2.2178,482.08,-0.59612,0,38122,-1.2993e+18,144.98,,111.04,111.04,0,0
0.88702,2.2696e+05,2.216,482.8,-0.68191,0,38227,-1.2989e+18,145.1,,111.2,111.2,0,0
0.88871,2.2736e+05,2.2141,483.52,-0.76772,0,38332,-1.2985e+18,145.22,,111.36,111.36,0,0
0.8904,2.2777e+05,2.2123,484.24,-0.85351,0,38436,-1.2982e+18,145.34,,111.52,111.52,0,0
0.89209,2.2817e+05,2.2105,484.96,-0.93932,0,38541,-1.2978e+18,145.46,,111.68,111.68,0,0
0.89379,2.2857e+05,2.2086,485.68,-1.0251,0,38646,-1.2975e+18,145.58,,111.84,111.84,0,0
0.89575,2.2904e+05,2.2065,486.52,-1.1013,0,38768,-1.2971e+18,145.72,,112,112,0,0
0.89851,2.297e+05,2.2037,487.7,-1.1496,0,38938,-1.2965e+18,145.91,,112.16,112.16,0,0
0.90127,2.3036e+05,2.2009,488.88,-1.1979,0,39108,-1.2959e+18,146.09,,112.32,112.32,0,0
0.90403,2.3102e+05,2.1981,490.06,-1.2463,0,39278,-1.2953e+18,146.28,,112.48,112.48,0,0
0.90679,2.3168e+05,2.1953,491.24,-1.2946,0,39448,-1.2948e+18,146.46,,112.64,112.64,0,0
0.90955,2.3234e+05,2.1925,492.42,-1.343,0,39618,-1.2942e+18,146.65,,112.8,112.8,0,0
0.91231,2.33e+05,2.1897,493.6,-1.3913,0,39788,-1.2936e+18,146.84,,112.96,112.96,0,0
0.91507,2.3366e+05,2.1869,494.78,-1.4397,0,39958,-1.293e+18,147.02,,113.12,113.12,0,0
0.9179,2.3434e+05,2.1841,495.99,-1.4814,0,40132,-1.2924e+18,147.21,,113.28,113.28,0,0
0.92134,2.3517e+05,2.1808,497.47,-1.4667,0,40345,-1.2917e+18,147.43,,113.44,113.44,0,0
0.92478,2.3599e+05,2.1776,498.94,-1.452,0,40558,-1.291e+18,147.66,,113.6,113.6,0,0
0.92822,2.3682e+05,2.1743,500.42,-1.4373,0,40771,-1.2903e+18,147.88,,113.76,113.76,0,0
0.93165,2.3765e+05,2.171,501.9,-1.4226,0,40984,-1.2895e+18,148.1,,113.92,113.92,0,0
0.93509,2.3848e+05,2.1678,503.37,-1.4079,0,41196,-1.2888e+18,148.32,,114.08,114.08,0,0
0.93853,2.3931e+05,2.1645,504.85,-1.3933,0,41409,-1.2881e+18,148.55,,114.24,114.24,0,0
0.94197,2.4014e+05,2.1613,506.33,-1.3786,0,41622,-1.2874e+18,148.77,,114.4,114.4,0,0
0.94541,2.4096e+05,2.158,507.8,-1.3639,0,41835,-1.2867e+18,148.99,,114.56,114.56,0,0
0.94907,2.4184e+05,2.1547,509.36,-1.3405,0,42063,-1.2859e+18,149.22,,114.72,114.72,0,0
0.95275,2.4273e+05,2.1513,510.92,-1.3168,0,42293,-1.2851e+18,149.45,,114.88,114.88,0,0
0.95642,2.4361e+05,2.148,512.48,-1.293,0,42522,-1.2843e+18,149.68,,115.04,115.04,0,0
0.9601,2.4449e+05,2.1447,514.04,-1.2692,0,42751,-1.2836e+18,149.91,,115.2,115.2,0,0
0.96377,2.4537e+05,2.1413,515.6,-1.2455,0,42981,-1.2828e+18,150.14,,115.36,115.36,0,0
0.96744,2.4625e+05,2.138,517.16,-1.2217,0,43210,-1.282e+18,150.37,,115.52,115.52,0,0
0.97112,2.4714e+05,2.1346,518.72,-1.1979,0,43439,-1.2812e+18,150.6,,115.68,115.68,0,0
0.97479,2.4802e+05,2.1313,520.28,-1.1742,0,43668,-1.2804e+18,150.83,,115.84,115.84,0,0
0.97836,2.4887e+05,2.1281,521.78,-1.1574,0,43893,-1.2797e+18,151.05,,116,116,0,0
0.98189,2.497e+05,2.125,523.24,-1.1434,0,44114,-1.2789e+18,151.26,,116.16,116.16,0,0
0.98541,2.5054e+05,2.1218,524.71,-1.1293,0,44336,-1.2782e+18,151.48,,116.32,116.32,0,0
0.98894,2.5138e+05,2.1187,526.18,-1.1153,0,44558,-1.2774e+18,151.69,,116.48,116.48,0,0
0.99247,2.5221e+05,2.1156,527.65,-1.1013,0,44780,-1.2767e+18,151.91,,116.64,116.64,0,0
0.99599,2.5305e+05,2.1124,529.11,-1.0872,0,45002,-1.2759e+18,152.12,,116.8,116.8,0,0
0.99952,2.5389e+05,2.1093,530.58,-1.0732,0,45224,-1.2752e+18,152.34,,116.96,116.96,0,0
1.003,2.5473e+05,2.1062,532.05,-1.0592,0,45446,-1.2744e+18,152.55,,117.12,117.12,0,0
1.0065,2.5553e+05,2.1031,533.46,-1.0463,0,45663,-1.2737e+18,152.76,,117.28,117.28,0,0
1.0098,2.5631e+05,2.1003,534.81,-1.0348,0,45873,-1.273e+18,152.95,,117.44,117.44,0,0
1.0131,2.5709e+05,2.0974,536.17,-1.0233,0,46083,-1.2722e+18,153.15,,117.6,117.6,0,0
1.0164,2.5787e+05,2.0945,537.52,-1.0118,0,46294,-1.2715e+18,153.35,,117.76,117.76,0,0
1.0197,2.5865e+05,2.0916,538.87,-1.0003,0,46504,-1.2708e+18,153.54,,117.92,117.92,0,0
1.023,2.5943e+05,2.0887,540.22,-0.98874,0,46714,-1.2701e+18,153.74,,118.08,118.08,0,0
1.0263,2.6021e+05,2.0859,541.58,-0.97722,0,46925,-1.2694e+18,153.94,,118.24,118.24,0,0
1.0296,2.6098e+05,2.083,542.93,-0.96569,0,47135,-1.2687e+18,154.14,,118.4,118.4,0,0
1.0329,2.6175e+05,2.0801,544.26,-0.95497,0,47343,-1.268e+18,154.33,,118.56,118.56,0,0
1.036,2.6248e+05,2.0774,545.51,-0.94696,0,47545,-1.2673e+18,154.52,,118.72,118.72,0,0
1.0391,2.6322e+05,2.0747,546.77,-0.93894,0,47747,-1.2666e+18,154.7,,118.88,118.88,0,0
1.0423,2.6395e+05,2.072,548.02,-0.93093,0,47950,-1.2659e+18,154.89,,119.04,119.04,0,0
1.0454,2.6468e+05,2.0693,549.28,-0.92292,0,48152,-1.2652e+18,155.08,,119.2,119.2,0,0
1.0485,2.6541e+05,2.0665,550.53,-0.9149,0,48354,-1.2645e+18,155.26,,119.36,119.36,0,0
1.0517,2.6614e+05,2.0638,551.78,-0.90689,0,48556,-1.2639e+18,155.45,,119.52,119.52,0,0
1.0548,2.6688e+05,2.0611,553.04,-0.89887,0,48758,-1.2632e+18,155.63,,119.68,119.68,0,0
1.0579,2.6761e+05,2.0584,554.29,-0.89086,0,48960,-1.2625e+18,155.82,,119.84,119.84,0,0
1.0609,2.6831e+05,2.0558,555.48,-0.88644,0,49156,-1.2618e+18,156,,120,120,0,0
1.0639,2.6901e+05,2.0532,556.66,-0.88213,0,49353,-1.2612e+18,156.18,,120.16,120.16,0,0
1.0669,2.6971e+05,2.0507,557.84,-0.87782,0,49549,-1.2605e+18,156.36,,120.32,120.32,0,0
1.0699,2.7041e+05,2.0481,559.03,-0.87352,0,49746,-1.2598e+18,156.54,,120.48,120.48,0,0
1.0729,2.7111e+05,2.0455,560.21,-0.86921,0,49942,-1.2592e+18,156.72,,120.64,120.64,0,0
1.0759,2.7181e+05,2.0429,561.39,-0.8649,0,50139,-1.2585e+18,156.9,,120.8,120.8,0,0
1.0789,2.7251e+05,2.0404,562.58,-0.86059,0,50335,-1.2578e+18,157.08,,120.96,120.96,0,0
1.0819,2.7321e+05,2.0378,563.76,-0.85628,0,50531,-1.2572e+18,157.26,,121.12,121.12,0,0
1.0849,2.739e+05,2.0353,564.93,-0.84871,0,50726,-1.2565e+18,157.43,,121.28,121.28,0,0
1.0878,2.7459e+05,2.0329,566.08,-0.83948,0,50920,-1.2558e+18,157.6,,121.44,121.44,0,0
1.0908,2.7528e+05,2.0304,567.24,-0.83025,0,51114,-1.2552e+18,157.77,,121.6,121.6,0,0
1.0937,2.7597e+05,2.028,568.4,-0.82101,0,51309,-1.2545e+18,157.94,,121.76,121.76,0,0
1.0967,2.7666e+05,2.0256,569.56,-0.81178,0,51503,-1.2539e+18,158.12,,121.92,121.92,0,0
1.0996,2.7734e+05,2.0231,570.71,-0.80254,0,51697,-1.2532e+18,158.29,,122.08,122.08,0,0
1.1026,2.7803e+05,2.0207,571.87,-0.79331,0,51891,-1.2526e+18,158.46,,122.24,122.24,0,0
1.1055,2.7872e+05,2.0183,573.03,-0.78407,0,52085,-1.2519e+18,158.63,,122.4,122.4,0,0
1.1084,2.794e+05,2.0159,574.17,-0.77565,0,52277,-1.2512e+18,158.8,,122.56,122.56,0,0
1.1113,2.8006e+05,2.0136,575.27,-0.76872,0,52465,-1.2506e+18,158.96,,122.72,122.72,0,0
1.1141,2.8073e+05,2.0113,576.38,-0.76178,0,52654,-1.25e+18,159.12,,122.88,122.88,0,0
1.117,2.8139e+05,2.0091,577.49,-0.75484,0,52842,-1.2493e+18,159.28,,123.04,123.04,0,0
1.1198,2.8206e+05,2.0068,578.6,-0.74791,0,53031,-1.2487e+18,159.44,,123.2,123.2,0,0
1.1227,2.8272e+05,2.0045,579.71,-0.74097,0,53219,-1.248e+18,159.6,,123.36,123.36,0,0
1.1255,2.8338e+05,2.0022,580.81,-0.73403,0,53408,-1.2474e+18,159.76,,123.52,123.52,0,0
1.1284,2.8405e+05,2,581.92,-0.7271,0,53596,-1.2468e+18,159.93,,123.68,123.68,0,0
1.1312,2.8471e+05,1.9977,583.03,-0.72016,0,53785,-1.2461e+18,160.09,,123.84,123.84,0,0
1.134,2.8535e+05,1.9955,584.1,-0.71397,0,53970,-1.2455e+18,160.24,,124,124,0,0
1.1368,2.86e+05,1.9933,585.17,-0.70779,0,54155,-1.2449e+18,160.4,,124.16,124.16,0,0
1.1396,2.8665e+05,1.9911,586.24,-0.70161,0,54340,-1.2442e+18,160.55,,124.32,124.32,0,0
1.1423,2.8729e+05,1.989,587.31,-0.69542,0,54526,-1.2436e+18,160.71,,124.48,124.48,0,0
1.1451,2.8794e+05,1.9868,588.38,-0.68924,0,54711,-1.243e+18,160.86,,124.64,124.64,0,0
1.1479,2.8858e+05,1.9846,589.45,-0.68306,0,54896,-1.2424e+18,161.01,,124.8,124.8,0,0
1.1507,2.8923e+05,1.9825,590.52,-0.67688,0,55081,-1.2417e+18,161.17,,124.96,124.96,0,0
1.1535,2.8987e+05,1.9803,591.59,-0.67069,0,55266,-1.2411e+18,161.32,,125.12,125.12,0,0
1.1562,2.9052e+05,1.9781,592.65,-0.66538,0,55453,-1.2405e+18,161.48,,125.28,125.28,0,0
1.159,2.9116e+05,1.976,593.71,-0.66058,0,55639,-1.2398e+18,161.63,,125.44,125.44,0,0
1.1618,2.918e+05,1.9739,594.76,-0.65578,0,55826,-1.2392e+18,161.78,,125.6,125.6,0,0
1.1646,2.9245e+05,1.9717,595.82,-0.65098,0,56013,-1.2386e+18,161.94,,125.76,125.76,0,0
1.1674,2.9309e+05,1.9696,596.88,-0.64618,0,56200,-1.2379e+18,162.09,,125.92,125.92,0,0
1.1702,2.9374e+05,1.9674,597.93,-0.64138,0,56387,-1.2373e+18,162.24,,126.08,126.08,0,0
1.1729,2.9438e+05,1.9653,598.99,-0.63659,0,56573,-1.2367e+18,162.39,,126.24,126.24,0,0
1.1757,2.9502e+05,1.9632,600.05,-0.63179,0,56760,-1.236e+18,162.55,,126.4,126.4,0,0
1.1785,2.9567e+05,1.961,601.11,-0.62754,0,56949,-1.2354e+18,162.7,,126.56,126.56,0,0
1.1814,2.9633e+05,1.9589,602.18,-0.62503,0,57142,-1.2347e+18,162.86,,126.72,126.72,0,0
1.1842,2.9699e+05,1.9567,603.25,-0.62251,0,57336,-1.2341e+18,163.01,,126.88,126.88,0,0
1.1871,2.9765e+05,1.9545,604.33,-0.61999,0,57530,-1.2334e+18,163.17,,127.04,127.04,0,0
1.19,2.9831e+05,1.9524,605.4,-0.61747,0,57723,-1.2328e+18,163.32,,127.2,127.2,0,0
1.1928,2.9897e+05,1.9502,606.47,-0.61495,0,57917,-1.2321e+18,163.48,,127.36,127.36,0,0
1.1957,2.9963e+05,1.948,607.54,-0.61243,0,58111,-1.2315e+18,163.63,,127.52,127.52,0,0
1.1985,3.0029e+05,1.9459,608.62,-0.60991,0,58305,-1.2308e+18,163.79,,127.68,127.68,0,0
1.2014,3.0095e+05,1.9437,609.69,-0.60739,0,58498,-1.2301e+18,163.95,,127.84,127.84,0,0
1.2044,3.0163e+05,1.9414,610.79,-0.6058,0,58702,-1.2294e+18,164.11,,128,128,0,0
1.2074,3.0232e+05,1.9392,611.88,-0.60436,0,58908,-1.2287e+18,164.27,,128.16,128.16,0,0
1.2104,3.03e+05,1.9369,612.98,-0.60291,0,59114,-1.228e+18,164.43,,128.32,128.32,0,0
1.2134,3.0369e+05,1.9346,614.08,-0.60147,0,59320,-1.2274e+18,164.59,,128.48,128.48,0,0
1.2164,3.0438e+05,1.9323,615.18,-0.60003,0,59525,-1.2267e+18,164.76,,128.64,128.64,0,0
1.2194,3.0506e+05,1.93,616.28,-0.59858,0,59731,-1.226e+18,164.92,,128.8,128.8,0,0
1.2224,3.0575e+05,1.9277,617.38,-0.59714,0,59937,-1.2253e+18,165.08,,128.96,128.96,0,0
1.2254,3.0643e+05,1.9255,618.48,-0.5957,0,60143,-1.2246e+18,165.25,,129.12,129.12,0,0
1.2285,3.0713e+05,1.9231,619.58,-0.59301,0,60354,-1.2238e+18,165.41,,129.28,129.28,0,0
1.2316,3.0783e+05,1.9207,620.69,-0.58841,0,60573,-1.2231e+18,165.59,,129.44,129.44,0,0
1.2347,3.0854e+05,1.9182,621.79,-0.5838,0,60792,-1.2224e+18,165.77,,129.6,129.6,0,0
1.2378,3.0925e+05,1.9158,622.89,-0.5792,0,61011,-1.2216e+18,165.95,,129.76,129.76,0,0
1.241,3.0996e+05,1.9133,623.99,-0.57459,0,61230,-1.2209e+18,166.12,,129.92,129.92,0,0
1.2441,3.1067e+05,1.9109,625.09,-0.56999,0,61449,-1.2201e+18,166.3,,130.08,130.08,0,0
1.2472,3.1137e+05,1.9084,626.19,-0.56538,0,61668,-1.2194e+18,166.48,,130.24,130.24,0,0
1.2503,3.1208e+05,1.906,627.3,-0.56078,0,61888,-1.2186e+18,166.66,,130.4,130.4,0,0
1.2534,3.1279e+05,1.9035,628.4,-0.55617,0,62107,-1.2179e+18,166.83,,130.56,130.56,0,0
1.2562,3.1342e+05,1.9015,629.39,-0.54293,0,62301,-1.2172e+18,166.98,,130.72,130.72,0,0
1.2589,3.1405e+05,1.8995,630.37,-0.52902,0,62493,-1.2166e+18,167.13,,130.88,130.88,0,0
1.2617,3.1468e+05,1.8975,631.35,-0.5151,0,62685,-1.2159e+18,167.28,,131.04,131.04,0,0
1.2644,3.1531e+05,1.8954,632.32,-0.50119,0,62877,-1.2153e+18,167.43,,131.2,131.2,0,0
1.2671,3.1593e+05,1.8934,633.3,-0.48727,0,63069,-1.2146e+18,167.58,,131.36,131.36,0,0
1.2699,3.1656e+05,1.8914,634.28,-0.47336,0,63261,-1.214e+18,167.73,,131.52,131.52,0,0
1.2726,3.1719e+05,1.8894,635.26,-0.45944,0,63453,-1.2133e+18,167.88,,131.68,131.68,0,0
1.2753,3.1782e+05,1.8874,636.24,-0.44553,0,63645,-1.2127e+18,168.03,,131.84,131.84,0,0
1.2776,3.1834e+05,1.8859,637.07,-0.42903,0,63799,-1.2122e+18,168.14,,132,132,0,0
1.2792,3.1872e+05,1.8851,637.71,-0.4095,0,63906,-1.2118e+18,168.21,,132.16,132.16,0,0
1.2808,3.1911e+05,1.8842,638.36,-0.38997,0,64014,-1.2114e+18,168.28,,132.32,132.32,0,0
1.2825,3.195e+05,1.8833,639,-0.37045,0,64122,-1.2111e+18,168.34,,132.48,132.48,0,0
1.2841,3.1989e+05,1.8824,639.65,-0.35092,0,64230,-1.2107e+18,168.41,,132.64,132.64,0,0
1.2858,3.2027e+05,1.8815,640.29,-0.33139,0,64337,-1.2103e+18,168.48,,132.8,132.8,0,0
1.2874,3.2066e+05,1.8806,640.94,-0.31186,0,64445,-1.21e+18,168.54,,132.96,132.96,0,0
1.289,3.2105e+05,1.8798,641.59,-0.29234,0,64553,-1.2096e+18,168.61,,133.12,133.12,0,0
1.2907,3.2143e+05,1.8789,642.23,-0.27281,0,64660,-1.2092e+18,168.68,,133.28,133.28,0,0
1.2915,3.2165e+05,1.8788,642.63,-0.26156,0,64708,-1.2091e+18,168.7,,133.44,133.44,0,0
1.2923,3.2187e+05,1.8786,643.03,-0.25036,0,64756,-1.2089e+18,168.71,,133.6,133.6,0,0
1.2932,3.2208e+05,1.8785,643.44,-0.23916,0,64803,-1.2088e+18,168.73,,133.76,133.76,0,0
1.294,3.223e+05,1.8784,643.84,-0.22796,0,64850,-1.2086e+18,168.74,,133.92,133.92,0,0
1.2941,3.2237e+05,1.8783,643.92,-0.2044,0,64868,-1.2085e+18,168.77,,134.08,134.08,0,0
1.294,3.2238e+05,1.8782,643.87,-0.17577,0,64874,-1.2085e+18,168.81,,134.24,134.24,0,0
1.2938,3.2239e+05,1.8781,643.82,-0.14715,0,64879,-1.2085e+18,168.84,,134.4,134.4,0,0
1.2937,3.2239e+05,1.8779,643.78,-0.11852,0,64885,-1.2085e+18,168.87,,134.56,134.56,0,0
1.2932,3.2231e+05,1.8782,643.62,-0.062811,0,64860,-1.2086e+18,168.87,,134.72,134.72,0,0
1.2923,3.221e+05,1.8789,643.3,0.029618,0,64794,-1.2088e+18,168.81,,134.88,134.88,0,0
1.2914,3.2188e+05,1.8796,642.98,0.12204,0,64727,-1.209e+18,168.76,,135.04,135.04,0,0
1.2905,3.2167e+05,1.8802,642.66,0.21447,0,64661,-1.2092e+18,168.7,,135.2,135.2,0,0
1.2895,3.2142e+05,1.881,642.29,0.30707,0,64584,-1.2095e+18,168.64,,135.36,135.36,0,0
1.2874,3.2094e+05,1.8825,641.53,0.40071,0,64439,-1.21e+18,168.53,,135.52,135.52,0,0
1.2853,3.2046e+05,1.8839,640.78,0.49434,0,64294,-1.2105e+18,168.43,,135.68,135.68,0,0
1.2832,3.1998e+05,1.8853,640.02,0.58799,0,64149,-1.211e+18,168.32,,135.84,135.84,0,0
1.2811,3.195e+05,1.8868,639.27,0.68163,0,64004,-1.2115e+18,168.21,,136,136,0,0
1.2779,3.1875e+05,1.889,638.08,0.7536,0,63780,-1.2122e+18,168.05,,136.16,136.16,0,0
1.2745,3.1796e+05,1.8913,636.81,0.8219,0,63544,-1.213e+18,167.87,,136.32,136.32,0,0
1.271,3.1716e+05,1.8936,635.55,0.8902,0,63307,-1.2138e+18,167.7,,136.48,136.48,0,0
1.2676,3.1637e+05,1.8959,634.28,0.9585,0,63071,-1.2146e+18,167.53,,136.64,136.64,0,0
1.2633,3.1537e+05,1.8988,632.67,1.0159,0,62776,-1.2156e+18,167.32,,136.8,136.8,0,0
1.2583,3.142e+05,1.902,630.78,1.065,0,62436,-1.2168e+18,167.08,,136.96,136.96,0,0
1.2529,3.1296e+05,1.9057,628.79,1.132,0,62067,-1.218e+18,166.8,,137.12,137.12,0,0
1.2469,3.116e+05,1.91,626.63,1.2232,0,61657,-1.2194e+18,166.49,,137.28,137.28,0,0
1.2405,3.1012e+05,1.9146,624.29,1.2863,0,61216,-1.2209e+18,166.15,,137.44,137.44,0,0
1.2329,3.0836e+05,1.92,621.45,1.2786,0,60695,-1.2227e+18,165.75,,137.6,137.6,0,0
1.2252,3.0658e+05,1.9255,618.58,1.2797,0,60169,-1.2245e+18,165.35,,137.76,137.76,0,0
1.217,3.0469e+05,1.9315,615.55,1.3346,0,59612,-1.2264e+18,164.92,,137.92,137.92,0,0
1.2089,3.0281e+05,1.9374,612.51,1.3894,0,59055,-1.2282e+18,164.48,,138.08,138.08,0,0
1.1999,3.0074e+05,1.9441,609.15,1.4207,0,58447,-1.2303e+18,164,,138.24,138.24,0,0
1.191,2.9866e+05,1.9508,605.78,1.4519,0,57838,-1.2324e+18,163.52,,138.4,138.4,0,0
1.1814,2.9646e+05,1.9579,602.18,1.4501,0,57195,-1.2346e+18,163,,138.56,138.56,0,0
1.1718,2.9423e+05,1.9652,598.54,1.4429,0,56547,-1.2368e+18,162.48,,138.72,138.72,0,0
1.1619,2.9194e+05,1.9728,594.77,1.4095,0,55882,-1.239e+18,161.93,,138.88,138.88,0,0
1.1519,2.8961e+05,1.9805,590.95,1.3656,0,55211,-1.2413e+18,161.38,,139.04,139.04,0,0
1.1419,2.8728e+05,1.9884,587.1,1.3428,0,54540,-1.2436e+18,160.82,,139.2,139.2,0,0
1.1318,2.8495e+05,1.9964,583.23,1.3373,0,53869,-1.2458e+18,160.25,,139.36,139.36,0,0
1.1217,2.8261e+05,2.0044,579.34,1.3213,0,53200,-1.2481e+18,159.68,,139.52,139.52,0,0
1.1116,2.8026e+05,2.0125,575.42,1.2886,0,52533,-1.2504e+18,159.11,,139.68,139.68,0,0
1.1016,2.7792e+05,2.0207,571.51,1.254,0,51869,-1.2526e+18,158.53,,139.84,139.84,0,0
1.0917,2.7561e+05,2.0289,567.61,1.2125,0,51218,-1.2548e+18,157.96,,140,140,0,0
1.0818,2.733e+05,2.037,563.73,1.172,0,50568,-1.257e+18,157.39,,140.16,140.16,0,0
1.0723,2.7108e+05,2.0452,559.97,1.146,0,49943,-1.2592e+18,156.82,,140.32,140.32,0,0
1.0627,2.6885e+05,2.0534,556.21,1.1199,0,49319,-1.2613e+18,156.26,,140.48,140.48,0,0
1.0534,2.6667e+05,2.0612,552.46,1.0979,0,48717,-1.2633e+18,155.71,,140.64,140.64,0,0
1.0441,2.6448e+05,2.0691,548.72,1.0763,0,48117,-1.2654e+18,155.16,,140.8,140.8,0,0
1.0352,2.6239e+05,2.0768,545.13,1.0391,0,47544,-1.2673e+18,154.63,,140.96,140.96,0,0
1.0265,2.6034e+05,2.0845,541.59,0.99626,0,46981,-1.2692e+18,154.11,,141.12,141.12,0,0
1.0179,2.5833e+05,2.0921,538.13,0.96853,0,46432,-1.2711e+18,153.58,,141.28,141.28,0,0
1.0095,2.5636e+05,2.0997,534.73,0.95213,0,45893,-1.2729e+18,153.06,,141.44,141.44,0,0
1.0013,2.5443e+05,2.1072,531.39,0.94232,0,45367,-1.2747e+18,152.55,,141.6,141.6,0,0
0.99327,2.5255e+05,2.1146,528.12,0.94205,0,44859,-1.2764e+18,152.06,,141.76,141.76,0,0
0.98528,2.5067e+05,2.1219,524.84,0.94476,0,44352,-1.2781e+18,151.56,,141.92,141.92,0,0
0.97727,2.4877e+05,2.1294,521.52,0.95696,0,43846,-1.2798e+18,151.06,,142.08,142.08,0,0
0.96929,2.4688e+05,2.1368,518.22,0.96844,0,43342,-1.2815e+18,150.56,,142.24,142.24,0,0
0.96159,2.4505e+05,2.1439,514.97,0.97037,0,42861,-1.2832e+18,150.07,,142.4,142.4,0,0
0.95389,2.4321e+05,2.151,511.73,0.97229,0,42380,-1.2848e+18,149.59,,142.56,142.56,0,0
0.94676,2.4152e+05,2.158,508.75,0.97644,0,41933,-1.2863e+18,149.12,,142.72,142.72,0,0
0.9397,2.3985e+05,2.165,505.79,0.98084,0,41490,-1.2878e+18,148.66,,142.88,142.88,0,0
0.93252,2.3813e+05,2.1718,502.74,0.97982,0,41046,-1.2893e+18,148.2,,143.04,143.04,0,0
0.9253,2.364e+05,2.1787,499.65,0.97683,0,40602,-1.2908e+18,147.74,,143.2,143.2,0,0
0.91849,2.3478e+05,2.1852,496.72,0.98396,0,40184,-1.2923e+18,147.3,,143.36,143.36,0,0
0.91199,2.3322e+05,2.1916,493.94,0.99892,0,39786,-1.2936e+18,146.88,,143.52,143.52,0,0
0.90559,2.317e+05,2.1979,491.18,1.009,0,39396,-1.2949e+18,146.47,,143.68,143.68,0,0
0.89935,2.3021e+05,2.204,488.49,1.0116,0,39016,-1.2962e+18,146.07,,143.84,143.84,0,0
0.89308,2.2871e+05,2.2103,485.79,1.0192,0,38636,-1.2975e+18,145.66,,144,144,0,0
0.88677,2.272e+05,2.2166,483.04,1.0437,0,38254,-1.2988e+18,145.24,,144.16,144.16,0,0
0.88044,2.2568e+05,2.223,480.29,1.0666,0,37871,-1.3001e+18,144.83,,144.32,144.32,0,0
0.87392,2.2413e+05,2.2297,477.46,1.062,0,37480,-1.3014e+18,144.4,,144.48,144.48,0,0
0.8674,2.2257e+05,2.2365,474.62,1.0573,0,37088,-1.3028e+18,143.97,,144.64,144.64,0,0
0.86054,2.2092e+05,2.2433,471.58,1.0819,0,36682,-1.3041e+18,143.52,,144.8,144.8,0,0
0.85363,2.1925e+05,2.2503,468.51,1.1108,0,36274,-1.3055e+18,143.07,,144.96,144.96,0,0
0.84693,2.1764e+05,2.2574,465.54,1.1314,0,35876,-1.3069e+18,142.62,,145.12,145.12,0,0
0.84032,2.1606e+05,2.2646,462.63,1.1482,0,35484,-1.3082e+18,142.16,,145.28,145.28,0,0
0.83371,2.1448e+05,2.2719,459.71,1.165,0,35091,-1.3095e+18,141.7,,145.44,145.44,0,0
0.82709,2.1289e+05,2.2791,456.8,1.1818,0,34699,-1.3109e+18,141.25,,145.6,145.6,0,0
0.82041,2.1129e+05,2.2864,453.83,1.1918,0,34305,-1.3122e+18,140.78,,145.76,145.76,0,0
0.81355,2.0964e+05,2.294,450.75,1.1874,0,33907,-1.3136e+18,140.31,,145.92,145.92,0,0
0.8067,2.0799e+05,2.3016,447.67,1.1829,0,33509,-1.3149e+18,139.84,,146.08,146.08,0,0
0.79984,2.0634e+05,2.3092,444.59,1.1785,0,33111,-1.3163e+18,139.37,,146.24,146.24,0,0
0.79299,2.0469e+05,2.3168,441.51,1.174,0,32713,-1.3176e+18,138.9,,146.4,146.4,0,0
0.78636,2.031e+05,2.3246,438.52,1.1813,0,32332,-1.3189e+18,138.42,,146.56,146.56,0,0
0.77974,2.0151e+05,2.3324,435.52,1.1892,0,31951,-1.3202e+18,137.95,,146.72,146.72,0,0
0.77313,1.9992e+05,2.3402,432.53,1.1971,0,31570,-1.3215e+18,137.47,,146.88,146.88,0,0
0.76651,1.9833e+05,2.348,429.54,1.205,0,31190,-1.3228e+18,137,,147.04,147.04,0,0
0.76045,1.9687e+05,2.3553,426.78,1.2054,0,30844,-1.3239e+18,136.56,,147.2,147.2,0,0
0.75479,1.9551e+05,2.3623,424.19,1.2004,0,30523,-1.325e+18,136.14,,147.36,147.36,0,0
0.74912,1.9414e+05,2.3692,421.6,1.1954,0,30202,-1.3261e+18,135.73,,147.52,147.52,0,0
0.74346,1.9278e+05,2.3761,419.01,1.1904,0,29881,-1.3272e+18,135.32,,147.68,147.68,0,0
0.73783,1.9142e+05,2.383,416.42,1.1901,0,29562,-1.3283e+18,134.9,,147.84,147.84,0,0
0.73231,1.9007e+05,2.3899,413.85,1.2096,0,29254,-1.3293e+18,134.49,,148,148,0,0
0.72679,1.8873e+05,2.3968,411.28,1.2291,0,28945,-1.3304e+18,134.08,,148.16,148.16,0,0
0.72127,1.8739e+05,2.4037,408.7,1.2487,0,28637,-1.3314e+18,133.67,,148.32,148.32,0,0
0.71575,1.8605e+05,2.4106,406.13,1.2682,0,28328,-1.3325e+18,133.26,,148.48,148.48,0,0
0.71074,1.8484e+05,2.4173,403.82,1.2405,0,28050,-1.3334e+18,132.87,,148.64,148.64,0,0
0.70586,1.8367e+05,2.4239,401.56,1.2009,0,27779,-1.3343e+18,132.5,,148.8,148.8,0,0
0.70098,1.825e+05,2.4306,399.31,1.1613,0,27508,-1.3353e+18,132.12,,148.96,148.96,0,0
0.6961,1.8134e+05,2.4372,397.06,1.1217,0,27237,-1.3362e+18,131.74,,149.12,149.12,0,0
0.6912,1.8015e+05,2.4437,394.75,1.1291,0,26968,-1.3371e+18,131.37,,149.28,149.28,0,0
0.68628,1.7892e+05,2.4499,392.37,1.2039,0,26702,-1.338e+18,130.99,,149.44,149.44,0,0
0.68135,1.777e+05,2.4561,389.99,1.2787,0,26436,-1.3389e+18,130.62,,149.6,149.6,0,0
0.67643,1.7648e+05,2.4623,387.6,1.3536,0,26170,-1.3398e+18,130.25,,149.76,149.76,0,0
0.67154,1.7526e+05,2.4685,385.24,1.4258,0,25905,-1.3407e+18,129.88,,149.92,149.92,0,0
0.66835,1.7449e+05,2.4733,383.73,1.3676,0,25731,-1.3413e+18,129.62,,150.08,150.08,0,0
0.66516,1.7372e+05,2.4781,382.23,1.3095,0,25557,-1.3419e+18,129.35,,150.24,150.24,0,0
0.66196,1.7294e+05,2.4828,380.72,1.2514,0,25383,-1.3425e+18,129.08,,150.4,150.4,0,0
0.65877,1.7217e+05,2.4876,379.21,1.1933,0,25209,-1.3431e+18,128.82,,150.56,150.56,0,0
0.65558,1.714e+05,2.4924,377.71,1.1351,0,25034,-1.3437e+18,128.55,,150.72,150.72,0,0
0.65238,1.7062e+05,2.4971,376.2,1.077,0,24860,-1.3442e+18,128.28,,150.88,150.88,0,0
0.64919,1.6985e+05,2.5019,374.7,1.0189,0,24686,-1.3448e+18,128.02,,151.04,151.04,0,0
0.646,1.6908e+05,2.5067,373.19,0.96078,0,24512,-1.3454e+18,127.75,,151.2,151.2,0,0
0.64285,1.6831e+05,2.5113,371.69,0.91114,0,24342,-1.346e+18,127.49,,151.36,151.36,0,0
0.63988,1.6757e+05,2.5153,370.22,0.89674,0,24188,-1.3465e+18,127.27,,151.52,151.52,0,0
0.63692,1.6684e+05,2.5193,368.76,0.88234,0,24034,-1.347e+18,127.04,,151.68,151.68,0,0
0.63395,1.661e+05,2.5233,367.29,0.86794,0,23881,-1.3476e+18,126.81,,151.84,151.84,0,0
0.63098,1.6537e+05,2.5273,365.82,0.85354,0,23727,-1.3481e+18,126.59,,152,152,0,0
0.62801,1.6463e+05,2.5313,364.36,0.83914,0,23573,-1.3486e+18,126.36,,152.16,152.16,0,0
0.62505,1.6389e+05,2.5353,362.89,0.82474,0,23420,-1.3491e+18,126.14,,152.32,152.32,0,0
0.62208,1.6316e+05,2.5393,361.42,0.81034,0,23266,-1.3496e+18,125.91,,152.48,152.48,0,0
0.61911,1.6242e+05,2.5433,359.95,0.79594,0,23112,-1.3502e+18,125.69,,152.64,152.64,0,0
0.61682,1.6185e+05,2.5465,358.82,0.77226,0,22993,-1.3506e+18,125.51,,152.8,152.8,0,0
0.61567,1.6157e+05,2.5483,358.26,0.73266,0,22933,-1.3508e+18,125.41,,152.96,152.96,0,0
0.61453,1.6129e+05,2.5501,357.7,0.69306,0,22873,-1.351e+18,125.31,,153.12,153.12,0,0
0.61338,1.6101e+05,2.5519,357.14,0.65346,0,22813,-1.3512e+18,125.22,,153.28,153.28,0,0
0.61223,1.6072e+05,2.5537,356.58,0.61385,0,22752,-1.3514e+18,125.12,,153.44,153.44,0,0
0.61109,1.6044e+05,2.5555,356.02,0.57425,0,22692,-1.3516e+18,125.02,,153.6,153.6,0,0
0.60994,1.6016e+05,2.5573,355.47,0.53465,0,22632,-1.3518e+18,124.92,,153.76,153.76,0,0
0.60879,1.5988e+05,2.5591,354.91,0.49505,0,22572,-1.352e+18,124.82,,153.92,153.92,0,0
0.60765,1.596e+05,2.5609,354.35,0.45544,0,22512,-1.3522e+18,124.72,,154.08,154.08,0,0
0.6065,1.5932e+05,2.5627,353.79,0.41584,0,22452,-1.3524e+18,124.63,,154.24,154.24,0,0
0.60535,1.5903e+05,2.5645,353.23,0.37624,0,22391,-1.3526e+18,124.53,,154.4,154.4,0,0
0.60421,1.5875e+05,2.5663,352.67,0.33663,0,22331,-1.3528e+18,124.43,,154.56,154.56,0,0
0.60306,1.5847e+05,2.5681,352.11,0.29703,0,22271,-1.353e+18,124.33,,154.72,154.72,0,0
0.60191,1.5819e+05,2.5699,351.55,0.25743,0,22211,-1.3532e+18,124.23,,154.88,154.88,0,0
0.60077,1.5791e+05,2.5717,350.99,0.21783,0,22151,-1.3534e+18,124.14,,155.04,155.04,0,0
0.59962,1.5763e+05,2.5735,350.43,0.17822,0,22091,-1.3536e+18,124.04,,155.2,155.2,0,0
0.59847,1.5734e+05,2.5753,349.87,0.13862,0,22030,-1.3538e+18,123.94,,155.36,155.36,0,0
0.59733,1.5706e+05,2.5771,349.31,0.099015,0,21970,-1.354e+18,123.84,,155.52,155.52,0,0
0.59647,1.5685e+05,2.5783,348.88,0.079131,0,21927,-1.3542e+18,123.77,,155.68,155.68,0,0
0.5958,1.5668e+05,2.5791,348.53,0.072526,0,21894,-1.3543e+18,123.73,,155.84,155.84,0,0
0.59513,1.5651e+05,2.5799,348.19,0.06592,0,21861,-1.3544e+18,123.68,,156,156,0,0
0.59446,1.5634e+05,2.5807,347.84,0.059315,0,21829,-1.3545e+18,123.64,,156.16,156.16,0,0
0.59379,1.5617e+05,2.5816,347.5,0.05271,0,21796,-1.3546e+18,123.59,,156.32,156.32,0,0
0.59312,1.56e+05,2.5824,347.15,0.046105,0,21763,-1.3547e+18,123.54,,156.48,156.48,0,0
0.59246,1.5583e+05,2.5832,346.8,0.0395,0,21731,-1.3549e+18,123.5,,156.64,156.64,0,0
0.59179,1.5566e+05,2.584,346.46,0.032895,0,21698,-1.355e+18,123.45,,156.8,156.8,0,0
0.59112,1.5549e+05,2.5848,346.11,0.02629,0,21666,-1.3551e+18,123.41,,156.96,156.96,0,0
0.59083,1.5541e+05,2.5852,345.95,0.029636,0,21650,-1.3551e+18,123.38,,157.12,157.12,0,0
0.59072,1.5537e+05,2.5855,345.89,0.037647,0,21641,-1.3552e+18,123.35,,157.28,157.28,0,0
0.5906,1.5533e+05,2.5857,345.82,0.045658,0,21633,-1.3552e+18,123.33,,157.44,157.44,0,0
0.59049,1.5529e+05,2.5859,345.75,0.053669,0,21625,-1.3552e+18,123.31,,157.6,157.6,0,0
0.59038,1.5525e+05,2.5862,345.69,0.061679,0,21617,-1.3552e+18,123.28,,157.76,157.76,0,0
0.59026,1.5521e+05,2.5864,345.62,0.06969,0,21609,-1.3553e+18,123.26,,157.92,157.92,0,0
0.59015,1.5517e+05,2.5867,345.55,0.077701,0,21601,-1.3553e+18,123.24,,158.08,158.08,0,0
0.59003,1.5513e+05,2.5869,345.49,0.085712,0,21592,-1.3553e+18,123.22,,158.24,158.24,0,0
0.58992,1.5509e+05,2.5871,345.42,0.093722,0,21584,-1.3554e+18,123.19,,158.4,158.4,0,0
0.58995,1.5509e+05,2.5871,345.43,0.071495,0,21586,-1.3553e+18,123.19,,158.56,158.56,0,0
0.59002,1.5511e+05,2.5869,345.46,0.03993,0,21590,-1.3553e+18,123.2,,158.72,158.72,0,0
0.5901,1.5513e+05,2.5867,345.5,0.0083659,0,21594,-1.3553e+18,123.21,,158.88,158.88,0,0
0.59017,1.5515e+05,2.5866,345.53,-0.023196,0,21598,-1.3553e+18,123.22,,159.04,159.04,0,0
0.59024,1.5516e+05,2.5864,345.57,-0.05476,0,21602,-1.3553e+18,123.23,,159.2,159.2,0,0
0.59031,1.5518e+05,2.5863,345.6,-0.086324,0,21607,-1.3553e+18,123.24,,159.36,159.36,0,0
0.59039,1.552e+05,2.5861,345.63,-0.11789,0,21611,-1.3553e+18,123.25,,159.52,159.52,0,0
0.59046,1.5522e+05,2.586,345.67,-0.14945,0,21615,-1.3552e+18,123.26,,159.68,159.68,0,0
0.59053,1.5524e+05,2.5858,345.7,-0.18101,0,21619,-1.3552e+18,123.27,,159.84,159.84,0,0
0.59082,1.5531e+05,2.5853,345.84,-0.21446,0,21635,-1.3552e+18,123.29,,160,160,0,0
